,Hematology,Oncology,Science & Technology - Other Topics,Neurosciences & Neurology,Agriculture,Biochemistry & Molecular Biology,Optics,Genetics & Heredity,Cardiovascular System & Cardiology,Astronomy & Astrophysics,Meteorology & Atmospheric Sciences,Psychology,Urology & Nephrology,Behavioral Sciences,Psychiatry,Family Studies,Audiology & Speech-Language Pathology,Entomology,Environmental Sciences & Ecology,Women's Studies,Engineering,Chemistry,Cell Biology,Geology,Computer Science,Biophysics,Surgery,Materials Science,Business & Economics,General & Internal Medicine,Pediatrics,Gastroenterology & Hepatology,Biotechnology & Applied Microbiology,Microbiology,Food Science & Technology,Fisheries,Forestry,Nutrition & Dietetics,Transplantation,Immunology,"Public, Environmental & Occupational Health",Nursing,Physics,Biodiversity & Conservation,Physiology,Pharmacology & Pharmacy,Mathematics,Instruments & Instrumentation,Orthopedics,Rehabilitation,Plant Sciences,Rheumatology,"Radiology, Nuclear Medicine & Medical Imaging",Pathology,Sport Sciences,Obstetrics & Gynecology,Government & Law,Information Science & Library Science,Energy & Fuels,Research & Experimental Medicine,Legal Medicine,Evolutionary Biology,Infectious Diseases,Emergency Medicine,Life Sciences & Biomedicine - Other Topics,Social Sciences - Other Topics,Geriatrics & Gerontology,Marine & Freshwater Biology,Physical Geography,Endocrinology & Metabolism,Telecommunications,Allergy,Dermatology,Respiratory System,Construction & Building Technology,Virology,Geochemistry & Geophysics,Water Resources,Remote Sensing,Criminology & Penology,Acoustics,Mechanics,Electrochemistry,Health Care Sciences & Services,Medical Laboratory Technology,Integrative & Complementary Medicine,"Dentistry, Oral Surgery & Medicine",Veterinary Sciences,Religion,Developmental Biology,History,Anesthesiology,Zoology,Area Studies,Toxicology,Substance Abuse,Ophthalmology,Oceanography,Nuclear Science & Technology,Education & Educational Research,Sociology,Linguistics,Otorhinolaryngology,Crystallography,Communication,Automation & Control Systems,Reproductive Biology,Mycology,Polymer Science,Anatomy & Morphology,Transportation,Imaging Science & Photographic Technology,Demography,Geography,Anthropology,Social Work,History & Philosophy of Science,International Relations,Archaeology,Mineralogy,Parasitology,Spectroscopy,Paleontology,Thermodynamics,Public Administration,Medical Informatics,Metallurgy & Metallurgical Engineering,Mathematical & Computational Biology,Music,Social Issues,Ethnic Studies,Cultural Studies,Microscopy,Robotics,Mining & Mineral Processing,Urban Studies,Tropical Medicine,Operations Research & Management Science,Arts & Humanities - Other Topics,Art,Philosophy,Biomedical Social Sciences,Mathematical Methods In Social Sciences,Literature,Classics,Asian Studies,Theater,"Film, Radio & Television",Architecture,Dance,Medical Ethics
Hematology,17589,624,201,53,2,188,6,200,311,14,2,7,11,3,4,1,1,1,10,0,13,11,47,0,3,35,22,4,5,105,18,36,30,7,3,0,0,29,7,110,29,2,15,0,6,26,0,2,6,3,0,11,16,27,3,21,0,0,0,21,2,0,21,1,12,0,6,0,0,92,0,11,11,1,3,4,0,0,1,0,2,0,0,2,14,1,5,1,0,6,0,12,0,0,0,3,3,0,1,1,0,0,4,0,0,0,1,0,0,0,0,0,0,0,0,0,1,0,0,0,1,0,1,0,0,0,1,1,0,1,0,0,0,0,0,0,0,0,0,0,0,0,0,0,0,0,0,0,0,0,0
Oncology,568,197988,2657,260,14,2099,3,3519,208,45,17,42,305,10,39,1,7,1,85,0,72,71,369,6,41,95,138,18,14,998,88,437,304,20,27,3,2,547,14,290,1026,48,48,4,16,99,17,21,45,6,6,37,215,396,10,239,1,0,1,129,4,2,93,10,63,7,79,2,3,455,0,19,81,49,4,61,6,0,0,2,3,1,2,75,42,0,118,16,0,22,0,12,1,0,21,11,39,1,7,10,3,0,120,0,1,1,41,2,5,26,1,1,0,0,0,0,0,0,0,0,0,0,1,2,0,1,2,15,0,2,1,0,1,0,0,0,0,2,0,0,0,0,2,0,0,0,0,0,0,0,0
Science & Technology - Other Topics,177,2606,463106,1699,252,2913,252,5319,1080,1843,566,348,236,213,216,3,23,48,1320,1,839,1505,685,116,235,82,36,738,182,953,159,246,575,298,120,30,149,378,5,387,744,12,3870,234,80,286,62,156,75,18,283,98,87,96,84,168,0,10,170,153,15,97,155,6,331,33,276,67,77,1280,6,102,88,42,46,151,34,13,22,4,23,25,38,81,24,8,87,52,0,60,2,21,81,1,60,75,79,18,42,38,3,14,35,19,3,41,10,24,64,24,9,1,7,13,25,1,4,0,6,1,23,2,11,54,11,2,30,28,4,2,1,4,7,1,2,5,3,2,1,7,1,0,0,0,0,0,0,0,0,0,0
Neurosciences & Neurology,52,267,1767,164462,18,851,5,1279,459,26,8,611,33,318,654,10,77,1,68,0,178,65,268,6,104,78,56,35,38,829,193,74,41,11,8,4,6,72,2,162,510,30,64,4,130,153,16,11,136,99,7,58,298,42,90,47,7,0,3,116,8,4,21,38,88,14,671,1,6,490,2,19,24,34,4,18,5,0,1,13,36,2,0,76,15,0,84,11,1,30,0,130,0,0,12,96,44,0,4,67,3,25,104,0,4,6,3,0,1,24,0,2,2,0,5,1,0,0,1,0,1,0,0,4,0,4,0,13,8,1,0,0,6,2,0,0,0,1,0,0,2,0,0,0,0,0,0,0,0,0,0
Agriculture,1,13,236,13,14550,246,7,59,6,32,77,22,3,13,3,0,0,26,878,0,242,276,16,47,65,6,4,144,68,12,4,8,215,76,194,13,350,70,0,17,17,4,46,137,2,24,3,15,4,0,215,4,3,7,3,3,1,0,78,7,4,4,5,0,11,1,7,5,23,23,0,8,3,0,10,4,14,23,26,1,2,3,4,0,1,1,6,123,0,6,1,8,7,0,3,1,2,1,4,2,1,2,0,0,2,7,34,33,20,1,1,0,0,5,8,1,0,0,1,1,8,0,0,20,3,0,11,0,0,0,0,0,1,1,1,0,0,1,1,0,1,0,0,0,0,0,0,0,0,0,0
Biochemistry & Molecular Biology,159,2172,3026,1067,215,172709,79,2567,415,38,28,89,80,78,133,2,14,60,398,1,339,1525,738,15,198,181,29,204,25,315,59,182,677,293,130,41,91,170,13,335,186,4,102,71,92,704,36,22,29,2,426,60,96,94,57,82,0,0,28,163,30,87,81,3,158,6,86,19,8,612,3,55,43,32,6,188,8,2,4,1,9,3,7,20,42,3,89,29,1,67,0,23,62,1,59,27,61,2,4,32,1,2,12,9,2,24,14,30,79,9,0,1,2,0,10,0,2,0,1,0,31,2,1,11,0,3,6,55,0,0,0,0,8,0,0,0,0,1,0,1,1,0,2,0,0,0,0,0,0,0,0
Optics,4,6,297,8,10,92,8481,3,2,95,43,3,0,0,2,0,1,0,18,0,403,412,6,5,47,9,3,291,2,5,1,2,3,1,3,0,5,2,0,3,4,0,635,1,0,27,40,71,2,2,3,1,2,2,0,1,1,0,11,4,0,0,2,0,2,0,0,0,7,5,0,1,1,0,2,1,24,0,20,0,2,3,5,0,0,0,1,0,0,0,0,1,1,0,0,0,4,0,1,0,0,0,1,8,0,1,0,0,13,1,0,9,0,0,0,1,0,0,0,0,0,56,0,9,0,0,1,0,0,0,0,0,1,0,0,0,0,0,1,0,0,0,0,0,0,0,0,0,0,0,0
Genetics & Heredity,173,3503,5977,1414,56,2465,6,620053,1242,10,19,94,296,120,174,0,12,7,115,0,28,40,261,3,19,5,13,2,10,1042,94,207,176,39,115,15,8,214,6,90,555,2,22,16,17,48,8,0,24,3,40,31,14,38,21,100,0,1,2,154,14,32,25,3,71,2,151,7,3,1382,0,57,63,53,2,12,5,1,0,1,2,0,0,14,39,0,28,18,0,17,0,14,5,0,8,60,28,1,1,7,0,1,13,0,1,3,8,10,0,6,0,0,5,1,8,0,0,0,1,0,1,0,0,2,0,2,1,7,0,0,1,0,0,0,0,0,0,0,0,0,0,0,0,0,0,0,0,0,0,0,0
Cardiovascular System & Cardiology,225,221,1100,533,12,408,1,1306,113519,11,6,67,112,29,76,2,3,0,56,0,57,36,155,0,25,18,148,8,13,1136,213,84,106,5,25,0,1,139,22,75,404,29,12,0,170,121,10,1,11,8,2,36,155,25,58,65,1,0,2,182,5,1,20,34,46,2,113,1,1,690,0,26,12,46,0,8,0,1,2,2,10,0,0,48,99,0,40,5,0,5,0,120,0,0,4,29,10,0,0,7,1,0,10,0,2,4,0,0,3,0,0,0,0,0,11,0,0,0,0,0,1,4,0,0,0,0,1,4,0,0,0,0,5,0,0,0,0,0,0,0,0,0,0,1,0,0,0,0,0,0,0
Astronomy & Astrophysics,4,46,2024,24,32,48,78,19,8,1871428,220,5,3,1,8,0,1,5,77,0,133,66,8,237,30,14,26,48,5,62,3,20,5,5,4,9,7,5,0,8,11,2,293787,4,3,7,22,15005,6,0,12,3,2,2,7,9,0,0,12,4,2,0,10,1,4,0,7,5,8,41,0,19,2,3,9,2,202,1,13,0,4,4,3,1,1,0,9,3,0,1,0,8,4,0,2,0,2,1,16,5,0,0,2,2,0,15,0,3,3,0,0,0,0,0,0,1,0,0,1,1,1,1,0,10,0,0,4,1,0,0,0,0,1,0,1,0,0,2,0,0,0,0,0,0,0,0,0,0,0,0,0
Meteorology & Atmospheric Sciences,2,18,473,10,60,19,53,10,5,167,33224,2,0,0,6,0,1,2,925,0,327,144,2,561,21,12,5,19,4,28,1,7,6,6,3,2,21,5,0,2,12,2,170,37,1,5,17,28,2,0,28,2,5,0,2,2,0,0,28,1,0,0,4,0,3,0,0,4,95,9,0,6,3,2,12,0,78,10,47,0,1,0,0,1,0,1,9,3,0,0,0,1,1,2,5,0,0,44,7,2,1,0,2,1,0,2,1,0,1,0,5,0,0,2,0,0,0,0,0,0,1,1,0,16,0,0,6,0,0,0,0,0,0,0,0,0,0,0,0,0,0,0,0,0,0,0,0,0,0,0,0
Psychology,7,43,311,691,14,81,1,96,73,6,4,37637,40,178,427,98,64,5,67,4,46,15,6,1,95,7,2,2,159,118,129,13,4,1,11,5,2,53,0,11,461,44,10,6,16,23,10,3,7,28,8,6,12,1,34,55,14,11,0,14,4,6,4,1,33,79,78,1,1,135,0,11,1,4,8,1,1,0,0,71,16,0,0,76,1,0,25,8,1,8,0,16,22,0,1,81,15,0,0,485,12,49,4,0,33,1,0,0,0,2,4,0,7,5,13,10,2,1,1,0,2,1,1,2,2,1,0,2,18,3,5,3,0,0,0,0,0,1,6,0,4,0,0,0,0,0,0,0,0,0,0
Urology & Nephrology,22,320,247,41,2,69,0,237,58,2,0,41,12592,5,10,0,2,0,6,0,10,5,27,1,4,1,28,3,3,113,44,23,5,2,4,1,1,13,124,44,42,2,3,0,8,19,0,0,4,3,2,4,15,19,1,27,1,0,0,17,1,0,12,3,10,0,7,0,0,141,0,0,17,1,0,10,1,0,0,9,0,0,0,10,5,0,5,1,0,6,0,5,0,0,0,5,3,0,0,0,0,0,3,0,0,1,1,0,2,3,0,0,0,0,0,0,0,0,0,0,0,0,0,1,0,0,0,4,0,0,0,0,0,0,0,0,0,0,0,0,0,0,0,0,0,0,0,0,0,0,0
Behavioral Sciences,2,8,173,302,16,61,0,107,27,2,1,156,6,11478,72,4,7,26,238,0,13,5,21,2,8,1,3,0,20,33,10,3,1,2,30,9,7,40,0,7,66,2,4,33,15,16,2,1,0,4,5,1,6,1,8,12,1,0,2,10,2,21,5,1,59,3,28,15,0,40,0,2,0,2,0,0,1,0,1,5,2,0,0,8,0,0,4,8,1,5,1,5,70,0,3,41,5,0,0,12,4,5,4,0,1,0,1,0,0,0,0,0,1,1,3,1,2,0,0,0,8,0,0,1,0,0,0,1,2,0,0,0,0,0,0,0,0,0,4,0,0,0,0,0,0,0,0,0,0,0,0
Psychiatry,6,39,225,525,0,131,0,143,65,10,4,456,10,74,48159,9,8,1,55,0,6,4,5,1,11,3,10,4,6,109,58,15,2,2,3,1,0,21,0,28,307,74,16,2,6,30,1,1,14,7,1,7,12,0,8,23,14,1,0,5,14,0,7,2,17,6,94,2,1,106,0,1,1,2,0,0,0,0,1,45,1,0,0,84,1,0,20,2,0,2,0,16,0,0,0,75,1,0,1,15,1,1,4,0,6,0,0,0,0,0,0,0,3,0,10,2,1,0,0,0,0,0,0,1,0,3,0,2,0,1,0,0,0,0,0,0,0,0,0,0,0,0,0,0,0,0,0,0,0,0,0
Family Studies,0,2,2,6,0,1,0,1,5,0,0,91,1,5,13,1216,3,0,1,0,0,0,0,0,1,0,0,1,4,4,5,0,0,0,0,0,0,1,0,0,26,6,0,0,0,0,0,0,0,0,0,0,0,0,1,6,0,0,0,0,0,0,0,0,0,16,2,0,0,3,0,0,0,0,0,0,0,0,0,11,0,0,0,7,0,0,0,0,0,0,2,0,0,0,0,5,0,0,0,18,6,1,0,0,0,0,0,0,0,0,0,0,2,0,2,13,0,0,0,0,0,0,0,0,4,0,0,0,0,0,0,0,0,0,0,0,0,0,0,0,0,0,0,0,0,0,0,0,0,0,0
Audiology & Speech-Language Pathology,0,7,22,76,0,13,0,10,4,2,1,58,1,10,7,1,3471,0,4,0,9,2,0,0,2,1,2,1,1,10,11,0,2,0,0,0,1,0,0,1,10,1,0,1,1,2,1,0,13,0,0,0,2,0,0,3,0,0,0,7,0,0,0,0,2,0,7,0,0,3,0,2,1,1,0,0,0,0,0,2,26,0,0,2,0,0,3,0,0,2,0,0,0,0,0,2,5,0,1,17,1,17,48,0,0,0,0,0,0,0,1,0,0,0,0,0,0,0,0,0,0,0,0,0,0,0,0,0,0,0,1,0,0,0,0,0,0,0,0,0,0,0,0,0,0,0,0,0,0,0,0
Entomology,2,4,174,1,22,57,1,1,0,2,1,3,0,29,0,0,0,1470,156,0,8,5,1,0,2,2,1,0,1,1,0,2,4,5,2,4,27,3,0,2,5,0,8,56,1,3,1,1,0,0,15,0,0,0,0,0,0,0,0,0,0,28,5,0,39,1,0,3,2,0,0,0,0,0,0,1,1,0,2,0,0,0,0,0,0,0,0,2,0,0,0,0,74,0,1,0,0,0,1,0,0,1,0,0,0,0,0,3,1,1,0,0,0,0,0,0,0,0,0,0,9,0,0,1,0,0,0,0,0,0,0,0,0,0,0,0,0,0,0,0,0,0,0,0,0,0,0,0,0,0,0
Environmental Sciences & Ecology,5,100,1456,49,823,413,19,100,44,85,983,86,4,185,28,2,3,111,59583,0,1030,352,24,392,131,20,8,71,223,131,19,16,164,170,52,196,737,27,1,24,324,5,88,1006,19,65,23,23,7,5,577,7,48,0,13,8,9,5,86,7,10,173,39,3,360,58,31,411,269,62,2,71,7,20,85,32,128,117,160,4,4,4,8,29,3,6,14,17,1,10,3,9,334,9,83,20,1,77,10,24,6,5,0,2,4,5,0,41,6,2,8,1,0,72,24,0,3,4,5,2,56,4,9,19,38,2,13,5,0,0,2,1,3,0,2,4,0,4,1,1,0,0,2,1,0,0,0,0,1,0,0
Women's Studies,0,0,1,0,0,0,0,0,0,0,0,2,0,0,1,0,0,0,0,36,0,0,0,0,2,0,0,0,1,0,0,0,0,0,0,0,0,0,0,0,0,0,0,0,0,0,0,0,0,0,0,0,0,0,0,1,2,0,0,0,0,0,0,0,0,3,0,0,0,0,0,0,0,0,0,0,0,0,0,0,0,0,0,0,0,0,0,0,0,0,0,0,0,0,0,0,0,0,0,2,1,0,0,0,0,0,0,0,0,0,0,0,0,0,0,0,1,0,0,0,0,0,0,0,1,0,0,0,0,1,2,0,0,0,0,0,0,0,0,0,1,0,0,1,0,0,0,0,0,0,0
Engineering,13,90,916,165,218,291,407,19,55,142,363,58,15,10,7,2,16,3,1076,0,46472,1529,76,137,1347,130,28,1022,238,80,4,14,127,49,47,20,111,14,0,23,134,7,627,34,32,136,139,219,98,3,28,23,55,7,24,8,6,12,317,27,7,3,14,5,40,17,22,33,55,49,218,8,12,6,136,5,75,52,39,0,124,97,46,18,3,0,155,13,0,2,0,21,10,1,30,8,25,24,56,23,1,11,11,36,8,229,1,2,92,1,43,17,0,11,1,2,1,0,2,3,4,5,0,266,4,5,146,14,2,4,0,0,5,11,2,1,1,17,0,5,1,0,0,0,0,0,0,0,0,0,0
Chemistry,18,66,1588,62,265,1417,413,27,39,58,159,16,7,9,4,0,1,4,404,0,1476,58775,74,60,104,120,9,1951,21,33,9,23,281,38,213,6,123,64,2,34,34,3,988,12,11,509,24,136,8,0,108,10,37,4,4,7,0,1,285,62,15,1,15,2,28,0,11,15,28,52,11,14,1,4,30,20,59,9,52,1,19,14,415,3,10,0,27,7,0,3,0,10,6,0,31,2,23,4,44,22,3,0,6,170,1,28,2,3,376,0,1,12,0,2,3,0,0,0,0,6,3,93,0,102,0,0,65,7,0,0,0,0,15,1,0,1,0,1,5,1,0,0,0,0,0,0,0,0,0,0,0
Cell Biology,60,350,738,220,22,691,3,213,133,17,3,5,34,12,10,0,2,5,18,0,94,53,39300,3,8,18,20,12,3,76,19,54,88,29,2,5,5,11,6,136,41,4,12,1,28,69,3,4,40,2,10,16,25,64,19,31,0,1,2,97,3,1,10,2,35,2,82,0,0,220,0,16,28,9,1,40,1,0,0,0,2,0,1,2,3,1,37,12,0,53,0,8,4,0,9,2,24,0,2,11,1,0,9,0,1,0,17,1,6,10,1,0,0,2,0,0,0,0,1,0,4,0,0,0,0,1,1,5,0,0,0,0,0,0,0,0,0,0,0,0,0,0,0,0,0,0,0,0,0,0,0
Geology,3,2,163,7,41,7,10,4,2,248,522,6,1,2,0,0,0,1,371,0,131,52,3,6433,15,3,6,12,6,8,0,2,5,2,2,5,24,2,0,0,1,1,39,60,2,2,9,8,3,0,21,1,1,0,4,1,1,0,9,0,0,4,1,0,4,0,1,26,137,4,0,1,0,0,2,0,237,11,24,0,0,0,0,0,0,0,0,1,0,2,0,1,1,0,0,0,1,29,2,2,0,0,0,0,0,1,1,0,1,0,1,0,0,3,2,0,0,0,5,9,0,0,8,10,0,0,3,0,0,0,0,0,1,0,0,0,0,0,1,0,0,0,0,0,0,0,0,0,0,0,0
Computer Science,2,32,250,135,101,174,46,31,25,31,22,100,4,12,10,1,3,0,109,1,1287,97,13,12,18637,22,9,67,265,23,4,9,22,2,7,2,19,3,0,4,28,29,147,18,12,4,288,7,17,1,7,2,17,5,8,7,6,115,23,5,1,2,4,3,42,23,10,3,16,28,110,4,1,0,23,1,16,6,21,2,71,14,1,42,1,0,6,1,0,2,1,6,3,0,2,0,20,3,7,118,4,9,6,1,37,128,0,0,2,0,12,5,0,18,1,6,1,2,1,0,0,4,2,27,2,16,9,26,3,1,0,7,1,17,0,0,0,43,13,14,0,0,2,0,0,0,0,0,3,0,0
Biophysics,34,87,105,62,5,166,10,7,10,13,15,5,0,0,2,0,1,0,27,0,85,155,26,5,32,6747,17,26,0,32,6,2,15,6,0,1,1,3,0,11,7,1,13,0,10,19,2,1,58,0,6,2,29,2,13,1,0,0,1,6,1,0,8,0,5,0,10,1,0,42,0,9,7,1,4,1,2,1,0,0,12,5,16,2,0,0,11,4,0,1,0,5,0,0,4,2,6,0,2,3,0,0,1,1,0,1,1,0,11,7,0,0,0,1,1,0,0,0,0,0,0,0,0,1,0,0,1,3,0,0,0,0,1,1,0,0,0,0,0,0,0,0,0,0,0,0,0,0,0,0,0
Surgery,22,139,35,59,4,32,0,11,144,24,7,8,14,4,9,0,5,0,10,0,20,11,30,4,7,16,14268,14,1,131,37,184,12,3,4,1,0,7,22,68,14,5,26,1,4,11,1,3,41,7,1,11,24,27,11,16,0,0,1,16,0,1,16,40,4,0,23,0,1,73,0,8,7,3,0,5,0,0,0,1,2,0,1,12,13,0,40,0,0,1,0,59,0,0,0,3,2,1,3,2,1,0,23,0,0,1,0,0,0,1,0,0,0,0,0,0,0,0,0,0,0,1,0,0,0,0,0,0,0,0,0,0,4,0,0,0,0,0,0,0,0,0,0,0,0,0,0,0,0,0,0
Materials Science,4,13,787,26,122,222,280,7,11,41,20,5,3,2,7,0,1,3,71,0,975,1916,15,9,62,35,12,23359,8,12,2,4,52,8,28,4,186,1,0,10,12,2,1762,4,3,45,12,146,8,1,15,5,4,0,7,2,0,2,155,5,0,0,6,1,7,0,1,1,4,11,0,2,1,1,27,2,11,0,0,0,10,73,98,1,0,0,31,3,0,1,0,6,3,0,6,2,0,6,74,5,0,1,8,35,0,11,0,0,204,1,0,10,0,0,0,0,0,0,1,4,3,43,0,54,0,0,86,1,0,0,0,0,4,4,2,0,0,0,0,4,1,0,0,0,0,0,0,0,0,0,0
Business & Economics,4,13,229,38,58,20,3,13,16,4,3,156,3,24,9,4,0,0,214,1,191,28,4,5,244,0,5,7,16622,21,3,4,4,4,16,9,64,4,0,7,108,90,8,7,0,10,46,1,7,4,3,1,6,0,9,5,23,71,27,0,1,0,0,1,1,94,18,0,5,9,4,4,1,0,27,1,0,3,1,6,2,1,1,61,0,1,6,4,1,0,6,2,1,9,0,1,3,1,1,97,28,7,2,0,48,9,0,0,1,0,18,2,16,22,2,6,8,13,1,0,1,1,0,29,65,4,2,1,1,14,0,7,0,1,0,9,0,50,6,9,7,0,6,0,0,1,0,0,1,0,0
General & Internal Medicine,128,1184,861,793,7,337,4,888,1270,43,13,106,153,21,129,3,9,1,126,1,47,31,91,3,19,15,148,8,13,159112,337,161,49,13,12,1,1,255,12,355,1569,61,92,3,65,82,3,8,109,19,5,57,67,25,65,106,0,3,5,136,19,0,151,91,577,3,168,1,1,704,1,121,8,59,0,13,2,2,1,1,5,1,2,143,51,2,77,8,0,2,0,114,0,0,9,60,20,0,2,29,0,0,15,0,2,4,3,0,0,3,0,0,0,3,9,2,0,0,0,0,1,0,0,2,3,6,0,6,0,0,1,0,0,0,0,0,0,0,0,0,0,0,0,0,0,0,0,0,0,0,0
Pediatrics,20,98,217,174,1,86,0,93,134,1,1,127,53,23,64,4,13,1,14,0,8,17,22,1,9,4,47,1,5,260,35946,164,22,28,10,2,1,97,10,162,159,26,2,0,18,18,6,0,19,5,1,39,13,6,22,106,0,0,0,16,0,0,52,4,12,2,18,0,0,292,0,107,9,30,1,27,1,0,0,3,6,0,0,22,7,0,36,1,0,2,0,17,0,0,0,4,30,1,0,11,0,1,19,0,0,0,1,3,0,0,0,0,0,0,9,1,0,0,0,0,0,0,0,0,1,1,2,3,0,0,0,0,0,0,0,0,0,0,0,0,0,0,0,0,0,0,0,0,0,0,0
Gastroenterology & Hepatology,21,364,227,51,8,171,1,166,97,17,5,13,26,7,13,2,2,1,32,0,7,15,56,3,6,3,169,4,7,162,176,34126,24,38,29,3,1,92,6,142,82,8,34,0,14,22,3,5,12,3,1,9,30,18,4,29,0,0,0,44,1,0,30,9,1,6,14,0,0,220,0,26,41,12,1,13,1,0,0,1,1,0,1,14,19,2,18,4,0,6,0,21,1,0,3,23,7,0,0,3,0,0,17,0,0,0,2,0,1,0,0,0,0,0,0,0,0,0,0,0,1,0,0,3,0,0,0,2,0,0,0,0,4,0,0,0,0,0,0,0,0,0,0,0,0,0,0,0,0,0,0
Biotechnology & Applied Microbiology,33,327,625,65,222,638,6,154,98,13,10,3,6,4,14,2,7,8,173,0,145,256,82,2,18,7,10,75,5,70,20,35,24381,297,148,13,50,26,5,138,52,6,14,16,2,121,13,1,12,4,125,13,17,12,4,15,0,1,17,47,9,11,56,2,43,0,19,11,2,48,1,9,5,3,11,131,3,0,0,0,0,2,6,4,5,0,17,27,0,3,0,6,4,0,25,1,9,1,1,9,0,0,10,0,0,4,6,14,10,4,0,0,0,0,0,0,2,0,0,0,2,0,0,7,0,0,6,11,0,0,1,0,0,0,0,0,0,0,0,1,0,0,0,0,0,0,0,0,0,0,1
Microbiology,4,21,302,14,87,274,4,52,4,7,4,1,3,1,2,0,0,5,185,0,24,48,35,2,10,8,1,9,2,22,27,56,267,11208,80,14,22,27,1,153,70,0,5,21,2,30,1,1,3,0,51,8,4,3,0,5,0,0,2,6,1,29,90,1,15,0,9,12,4,31,0,19,4,7,3,76,8,2,2,0,0,0,0,1,0,0,35,27,0,2,0,3,9,0,5,0,1,2,1,1,0,0,9,0,0,1,0,45,0,0,0,0,0,0,0,0,0,0,0,1,7,0,0,0,0,0,6,2,0,0,0,0,0,0,0,0,3,0,0,0,0,0,1,0,0,0,0,0,0,0,0
Food Science & Technology,9,87,295,10,187,131,2,49,15,7,4,8,2,27,5,0,0,2,53,0,38,205,6,4,6,2,2,11,21,19,6,15,149,94,7376,6,11,117,0,10,44,3,7,2,3,33,4,0,1,0,22,5,1,1,3,3,0,0,0,8,0,0,11,0,1,2,6,4,1,33,0,11,3,0,2,5,2,0,1,0,0,1,0,2,16,0,4,14,0,1,0,0,0,0,18,4,1,1,0,9,1,0,1,1,1,1,1,3,4,0,0,0,0,0,0,1,0,0,0,0,1,0,0,1,0,0,0,1,1,0,0,0,1,0,1,1,0,0,0,0,0,0,0,0,0,0,0,0,0,0,0
Fisheries,0,2,41,6,20,40,1,18,3,2,3,6,0,8,0,0,0,8,191,0,25,4,1,9,1,0,0,3,4,4,5,5,4,22,3,3227,6,4,0,15,7,0,4,24,7,2,5,3,1,0,6,1,1,0,1,2,0,0,1,0,1,18,6,0,11,1,3,58,4,2,0,3,0,0,1,4,0,2,1,1,2,2,1,1,0,0,1,13,0,0,0,1,15,0,0,0,0,4,0,0,0,0,0,0,0,1,0,0,0,0,1,0,0,1,0,0,0,0,0,0,11,0,0,1,0,0,0,0,0,0,0,0,0,0,0,0,0,0,0,0,0,0,0,0,0,0,0,0,0,0,0
Forestry,0,6,173,6,345,60,9,8,2,9,28,7,0,6,1,0,0,27,819,0,101,113,9,33,20,6,0,175,81,3,2,2,50,32,12,4,11616,0,1,1,8,1,11,161,0,12,4,3,1,0,321,2,3,1,1,1,0,0,47,1,0,8,4,0,19,5,0,6,83,6,0,1,3,0,16,6,33,7,143,0,2,4,5,1,0,0,4,1,0,0,1,5,19,1,3,0,0,0,4,3,0,0,2,0,1,0,1,38,12,0,0,2,0,10,3,0,0,1,2,0,3,0,0,5,0,0,1,0,0,0,0,0,0,0,0,3,0,5,0,0,0,0,0,0,0,0,0,0,0,0,0
Nutrition & Dietetics,19,615,297,69,59,173,2,245,180,4,4,55,14,33,20,0,0,0,34,0,10,40,24,0,2,0,16,2,9,228,130,95,35,26,123,1,2,30418,2,30,412,10,13,3,46,20,3,0,12,3,6,12,5,2,75,37,0,8,3,23,0,0,13,0,52,3,52,2,0,412,0,59,7,5,2,6,2,0,0,1,0,0,0,21,9,0,15,6,0,2,0,12,1,0,4,12,10,1,1,4,0,1,5,0,8,0,4,0,0,0,0,0,0,0,3,0,0,0,1,0,0,0,0,0,0,0,1,2,1,0,0,0,0,0,0,0,0,0,0,0,0,0,0,0,0,0,0,0,0,0,0
Transplantation,7,16,16,5,0,7,0,18,34,0,0,0,128,0,0,0,0,0,0,0,3,2,19,0,0,0,21,0,0,18,26,1,5,0,0,0,0,0,1867,23,4,0,0,0,0,3,0,0,0,0,0,3,9,10,0,2,0,0,0,3,0,0,2,0,0,0,13,0,0,26,0,0,4,0,0,2,0,0,0,0,0,0,0,2,5,0,1,1,0,0,0,1,0,0,0,8,1,0,0,0,0,0,2,0,0,0,0,0,0,2,0,0,0,0,0,1,0,0,0,0,0,0,0,0,0,0,0,0,0,0,0,0,0,0,0,0,0,0,0,0,0,0,0,0,0,0,0,0,0,0,0
Immunology,94,299,426,161,20,383,3,97,76,7,2,5,13,6,18,1,0,3,32,0,22,38,115,3,7,10,46,6,5,503,161,153,122,123,12,17,2,34,23,34422,141,2,10,1,7,64,0,2,12,1,5,33,22,30,2,45,0,0,0,45,1,5,317,3,22,1,28,0,0,188,0,119,30,37,2,215,2,1,0,0,4,0,0,11,3,0,42,17,0,6,0,14,0,1,6,7,16,0,0,3,0,0,29,0,0,1,0,0,0,3,2,0,0,2,0,0,0,0,0,0,13,0,0,1,0,0,0,6,0,0,0,0,0,0,0,0,0,0,0,0,0,0,0,0,0,0,0,0,0,0,0
"Public, Environmental & Occupational Health",32,971,709,536,19,161,2,534,397,16,7,466,56,76,330,22,10,3,391,0,103,25,15,3,23,8,16,9,108,1043,163,62,54,31,43,6,6,398,6,106,85423,124,17,5,33,66,11,3,55,62,4,44,19,7,105,169,7,9,2,46,8,2,169,7,78,51,280,2,1,521,1,98,19,48,19,34,2,1,1,15,10,2,0,229,10,0,60,14,0,5,1,66,1,1,25,196,22,2,3,70,22,2,9,0,18,1,3,1,1,2,3,0,43,7,10,10,2,0,0,0,11,0,1,2,10,4,0,5,1,4,3,2,1,0,0,3,0,0,1,1,6,0,1,0,0,0,0,0,0,0,0
Nursing,1,44,21,42,3,6,0,7,17,2,0,68,0,9,58,7,1,0,14,0,7,2,1,1,19,1,5,0,88,46,16,12,4,1,1,0,0,6,0,1,129,10627,1,0,1,7,0,1,9,15,0,1,6,0,3,24,5,10,0,3,1,0,3,8,0,77,108,0,0,15,0,1,2,1,0,1,0,0,0,4,0,3,0,96,0,7,9,2,0,1,0,5,0,0,0,8,0,0,0,122,2,1,5,0,5,1,0,0,0,1,0,0,1,0,1,3,0,0,0,0,0,0,0,0,2,7,0,1,0,0,1,0,0,0,0,0,0,0,0,0,0,2,0,0,0,0,0,0,0,0,0
Physics,11,50,2183,48,44,121,669,18,11,296718,148,10,1,2,20,0,1,4,80,0,657,1085,19,40,172,20,33,1581,18,94,4,44,12,6,7,1,15,8,0,10,13,0,2827045,5,5,19,165,28804,10,2,12,9,7,1,5,17,1,1,50,4,3,0,19,2,14,5,6,2,5,29,2,29,1,7,19,1,18,2,1,0,21,64,16,9,0,0,16,5,1,0,1,9,1,0,0,0,1,3,251,12,0,1,4,69,0,1,1,1,6,0,0,6,0,1,4,0,1,0,0,1,0,30,2,46,0,1,13,6,0,0,0,0,4,2,0,0,0,0,0,0,0,0,1,0,0,0,0,1,0,0,0
Biodiversity & Conservation,2,2,282,3,141,57,0,12,1,7,26,7,1,21,2,0,0,41,1066,0,46,16,3,29,42,0,2,0,15,3,0,1,11,13,4,39,153,0,0,1,4,0,4,7388,2,3,4,1,1,0,153,2,0,0,0,1,0,0,3,1,0,37,3,0,32,3,2,63,42,1,0,0,0,0,1,3,5,2,8,0,0,0,0,0,0,0,0,3,0,1,0,0,119,0,1,0,0,2,1,0,0,1,0,1,0,1,0,5,0,0,1,0,0,9,1,0,1,0,1,0,11,0,1,0,0,0,0,2,0,0,0,0,0,0,0,0,0,2,0,1,0,0,0,0,0,0,0,0,0,0,0
Physiology,6,19,92,130,6,78,1,20,131,2,3,14,6,18,9,0,1,2,26,0,38,10,24,1,7,16,2,1,1,53,12,13,6,0,7,4,0,38,2,6,32,2,7,1,10523,28,1,2,18,3,0,5,28,8,178,10,0,1,0,21,0,0,6,8,32,9,53,1,0,112,0,6,4,17,0,1,1,0,0,0,3,2,0,4,2,0,8,5,0,1,0,11,10,0,1,3,2,0,0,2,0,1,0,0,0,0,0,0,0,0,0,0,0,0,0,0,0,0,0,0,2,1,0,0,0,0,0,0,0,0,0,0,0,0,0,0,0,0,0,0,0,0,0,0,0,0,0,0,0,0,0
Pharmacology & Pharmacy,19,104,349,187,30,670,9,46,150,8,6,18,17,24,35,0,1,4,49,0,130,492,68,0,8,21,13,44,22,87,19,17,133,28,26,3,15,28,2,58,56,8,15,1,32,26044,3,9,7,2,61,21,26,5,3,20,0,0,4,129,12,1,12,4,7,1,77,6,2,83,0,12,7,11,1,11,1,1,1,2,8,0,7,27,15,3,15,34,0,3,0,67,3,0,72,11,23,3,2,14,0,0,4,1,1,12,3,1,24,2,0,2,0,0,1,0,0,0,0,0,1,2,0,6,0,1,1,6,0,0,0,0,2,0,0,0,0,0,0,0,0,0,0,0,0,0,0,0,0,0,0
Mathematics,0,17,55,10,8,41,28,10,9,18,14,7,1,0,0,0,0,0,30,0,145,23,0,8,314,1,1,21,45,6,1,0,7,5,5,9,5,6,0,1,16,1,142,3,0,2,6218,2,2,0,1,1,3,0,2,0,0,1,7,0,0,0,3,0,9,7,0,1,6,8,0,2,0,0,5,2,10,0,1,1,14,28,0,9,1,0,2,2,0,0,0,1,0,0,0,1,1,0,2,12,1,1,0,1,0,36,0,2,1,1,0,0,1,0,0,0,3,1,0,0,0,0,0,9,0,0,5,10,0,2,0,0,0,0,0,0,0,16,1,0,2,0,0,0,0,0,0,0,0,0,0
Instruments & Instrumentation,3,21,1964,16,16,14,76,5,4,13076,24,0,0,0,2,0,0,0,26,0,217,114,3,9,9,4,9,145,0,26,1,7,3,1,2,5,7,1,0,1,2,1,29607,0,4,17,5,194791,3,0,1,3,2,2,1,5,0,0,3,3,0,0,5,1,1,0,1,1,0,6,0,4,0,2,8,0,17,0,0,0,11,1,5,0,0,0,7,2,0,0,0,5,0,1,1,0,1,1,42,3,0,0,2,3,0,1,1,0,0,0,0,0,0,0,1,0,0,0,1,0,0,1,0,16,0,0,5,1,0,0,0,0,1,3,0,0,0,0,0,0,0,0,0,0,0,0,0,0,0,0,0
Orthopedics,5,60,89,107,3,43,1,13,13,6,3,5,6,1,15,0,2,1,9,0,88,7,39,3,18,56,55,4,7,122,25,10,5,5,1,1,5,8,0,11,51,10,13,1,15,8,4,5,19479,38,0,82,66,4,75,6,0,1,0,5,2,0,14,3,4,2,51,0,0,92,0,0,4,0,1,1,0,0,0,0,18,1,0,20,1,0,18,8,0,1,0,15,0,0,0,1,2,0,0,2,1,0,5,1,0,1,0,0,1,13,1,1,0,0,2,1,0,0,0,0,0,0,0,0,0,1,0,2,0,0,0,0,0,0,0,0,0,0,0,0,0,0,0,0,0,0,0,0,0,0,0
Rehabilitation,2,3,12,92,0,4,0,3,2,1,1,32,0,0,9,1,5,0,3,0,8,0,5,0,7,1,12,0,5,21,6,2,2,0,0,0,0,2,0,0,69,11,2,0,5,2,0,0,39,4788,0,20,4,0,30,5,0,0,0,0,0,0,0,0,1,5,34,0,0,18,0,0,3,1,0,0,0,0,0,1,1,1,0,15,0,0,3,1,0,0,0,10,0,0,0,3,1,0,0,14,0,0,8,0,0,0,0,0,0,1,0,0,0,0,1,0,0,0,0,0,0,0,0,0,1,0,0,0,0,0,1,0,0,0,0,0,0,0,0,0,0,0,0,0,0,0,0,0,0,0,0
Plant Sciences,0,6,273,10,245,394,2,64,2,12,29,2,2,3,2,0,0,26,529,0,26,98,7,28,7,4,1,15,3,3,0,7,119,61,19,10,307,1,0,3,5,1,20,141,1,55,1,2,1,0,8783,3,1,1,1,0,0,1,8,16,1,22,4,0,22,0,0,39,71,7,0,0,1,0,4,14,10,4,14,0,1,0,0,0,0,0,8,0,0,3,0,2,4,0,3,0,1,4,0,3,0,0,0,0,0,1,0,96,5,0,0,0,0,1,1,0,0,0,4,0,2,0,0,1,1,0,2,14,0,0,0,1,1,1,0,0,0,0,1,0,1,0,0,0,0,0,0,0,0,0,0
Rheumatology,8,30,128,58,5,43,1,48,25,9,4,10,11,4,5,0,0,0,6,0,22,15,27,2,0,5,16,3,0,40,24,25,13,3,1,2,2,10,1,38,36,4,17,1,4,28,1,2,50,22,2,16805,12,8,14,4,0,0,1,25,1,1,11,1,1,1,14,0,1,61,0,12,15,8,1,1,1,0,0,0,1,1,0,11,5,1,11,4,0,0,0,13,0,0,0,1,3,0,1,2,0,0,3,0,0,0,1,0,0,1,0,0,0,0,0,0,0,0,0,0,1,0,0,0,0,0,0,0,0,0,0,0,0,0,0,0,0,0,0,0,0,0,0,0,0,0,0,0,0,0,0
"Radiology, Nuclear Medicine & Medical Imaging",23,191,108,325,5,88,2,14,147,3,3,13,16,8,18,1,3,0,26,0,51,50,19,3,27,29,25,2,5,40,11,40,14,4,4,0,1,8,6,19,9,6,10,1,30,25,3,9,71,2,1,20,18583,14,6,14,0,0,1,20,0,0,4,4,5,0,15,1,0,110,0,0,6,5,1,1,0,0,0,2,17,0,0,6,6,0,19,3,1,1,0,6,0,0,1,2,4,0,3,1,0,0,11,0,0,1,0,0,1,2,2,3,0,0,0,1,0,0,0,0,0,0,4,0,0,0,0,2,0,0,0,0,1,1,0,0,0,1,1,0,0,0,0,0,0,0,0,0,0,0,0
Pathology,14,394,122,27,6,70,1,36,31,5,1,4,21,0,0,0,0,0,0,0,4,5,42,1,3,3,19,0,1,23,4,43,14,2,0,0,1,1,1,30,12,1,4,0,5,11,0,3,4,0,2,6,8,14211,0,18,0,1,0,18,2,1,14,0,10,0,2,1,0,45,0,3,20,6,0,1,0,0,0,0,0,0,0,4,3,0,25,20,0,6,0,0,1,0,5,0,6,0,1,3,0,0,27,0,0,0,1,0,0,23,0,0,0,0,0,0,0,0,0,0,5,0,0,0,0,0,0,0,0,0,0,0,0,0,0,0,0,0,0,0,0,0,0,0,0,0,0,0,0,0,0
Sport Sciences,5,12,68,104,4,51,1,37,49,5,5,31,0,6,5,1,1,0,13,0,33,6,25,0,6,11,12,2,5,52,18,6,4,0,2,1,2,71,0,3,85,1,5,0,138,5,1,2,59,25,0,10,8,1,13013,7,0,4,0,3,1,0,3,0,8,28,44,0,0,115,0,9,1,2,2,1,1,1,1,0,1,2,0,23,0,0,2,1,0,0,0,10,0,0,0,0,0,0,1,21,1,0,2,0,0,0,1,1,0,0,1,0,0,1,1,0,0,0,0,0,1,0,0,0,0,0,0,1,0,0,0,0,0,0,0,0,0,0,1,0,0,0,0,0,0,0,0,0,0,0,0
Obstetrics & Gynecology,22,220,137,66,5,50,2,82,70,12,1,67,24,2,44,1,8,0,16,0,8,7,19,0,3,0,17,3,2,109,106,23,18,4,4,1,1,56,0,50,175,27,12,1,20,21,1,2,8,1,0,4,4,26,3,21462,0,3,0,12,1,1,20,1,8,1,60,1,0,232,0,8,5,12,0,6,0,0,0,0,12,0,0,43,13,0,12,1,0,19,0,15,0,1,5,6,1,0,1,6,0,1,2,0,0,0,16,0,0,0,0,0,0,0,2,0,0,0,0,0,0,0,0,1,0,1,0,1,0,0,0,0,2,0,0,0,0,0,0,0,0,0,0,0,0,0,0,0,0,0,0
Government & Law,1,1,1,8,0,0,1,0,0,0,0,28,0,0,7,3,0,0,10,3,4,0,0,0,3,0,0,0,22,2,0,0,0,1,1,0,0,0,0,0,3,6,0,0,0,1,0,0,0,0,0,0,1,0,0,0,841,0,0,1,9,0,0,0,0,12,1,0,0,0,0,0,0,0,0,0,0,0,0,7,0,0,0,2,0,0,0,0,0,0,2,0,0,8,0,3,0,0,0,6,2,0,0,0,10,0,0,0,0,0,0,0,1,3,2,1,1,16,0,0,0,0,0,0,11,0,0,0,0,5,1,0,0,0,0,0,0,0,5,1,3,0,0,0,0,0,0,0,0,0,0
Information Science & Library Science,0,0,18,1,0,2,0,2,0,1,1,24,0,0,2,1,0,0,5,0,5,4,0,0,98,0,0,1,87,1,0,0,0,0,0,0,1,2,0,0,3,8,0,0,2,1,1,0,2,0,0,0,2,0,0,0,0,1078,0,0,0,0,0,0,1,4,1,0,0,0,1,0,1,0,1,0,0,1,0,2,0,0,0,12,0,0,0,0,0,0,1,0,0,0,0,2,0,0,0,14,1,2,0,1,9,0,0,0,0,0,1,0,0,0,0,0,0,0,2,0,0,0,0,0,2,0,0,0,0,0,0,1,0,0,0,3,0,1,1,0,0,0,0,1,0,0,0,0,0,0,0
Energy & Fuels,0,2,165,5,69,17,20,1,0,4,31,1,0,2,1,0,1,0,101,0,283,256,1,5,26,5,0,131,27,2,1,1,43,3,0,2,38,0,0,0,4,0,41,3,0,10,8,7,1,0,4,0,1,0,1,0,1,1,2952,1,0,0,2,0,1,0,0,1,1,0,1,0,0,0,46,0,7,4,0,0,2,0,9,2,0,0,1,0,0,0,1,0,0,2,4,0,0,0,1,3,0,0,1,4,0,18,0,0,5,0,0,3,0,2,0,0,0,0,0,0,0,1,0,148,1,0,19,0,0,0,0,0,0,0,0,1,0,2,0,0,0,0,0,0,0,0,0,0,0,0,0
Research & Experimental Medicine,19,107,246,128,12,139,7,119,200,2,0,10,14,3,5,0,4,0,11,0,41,52,57,0,3,0,10,4,4,148,17,33,40,12,8,2,0,22,2,24,58,2,4,1,34,118,0,2,10,0,0,15,9,8,6,16,0,0,1,17453,6,0,10,19,8,0,37,0,1,137,0,8,5,13,1,11,0,0,0,0,0,0,2,12,6,0,21,3,0,8,0,7,1,0,10,3,14,0,1,1,0,0,55,0,0,0,0,0,3,1,0,0,0,0,0,0,0,0,0,0,1,0,0,7,0,0,0,2,0,0,0,0,3,0,0,0,0,0,0,0,0,0,0,0,0,0,0,0,0,0,1
Legal Medicine,1,3,14,16,3,26,1,18,8,0,0,13,1,3,5,3,1,1,5,0,3,15,5,0,1,1,1,0,0,6,0,3,1,2,0,0,0,0,0,0,7,0,3,0,2,16,1,0,1,0,0,0,0,1,1,0,5,0,0,1,1525,0,1,0,2,1,2,0,1,4,0,0,1,1,0,0,1,0,0,9,0,0,0,0,9,0,0,0,0,0,0,2,1,0,7,16,0,0,0,3,0,0,0,0,1,2,0,0,0,0,0,0,0,0,3,0,0,0,2,0,0,0,0,0,0,1,0,0,0,0,0,0,0,0,0,0,0,0,0,1,0,0,0,0,0,0,0,0,0,0,0
Evolutionary Biology,0,2,136,1,7,90,0,28,1,1,0,6,0,22,0,0,0,29,145,0,3,0,7,2,5,0,0,0,0,1,0,0,28,23,2,25,8,1,0,5,4,0,1,35,0,3,1,0,0,0,35,1,1,0,0,0,0,0,0,0,0,1648,5,0,30,0,0,14,0,2,0,1,1,0,0,7,0,0,0,0,0,0,0,0,0,0,0,4,0,6,0,0,55,0,0,0,1,1,0,0,0,0,0,0,0,1,0,9,0,4,0,0,0,0,1,0,2,0,0,0,23,0,0,0,0,0,0,10,0,0,0,0,0,0,0,0,0,0,1,0,0,0,0,0,0,0,0,0,0,0,0
Infectious Diseases,22,81,151,24,5,70,1,13,21,13,4,4,14,1,2,1,0,1,28,0,21,21,12,0,6,9,21,6,3,84,54,30,41,84,17,5,4,14,7,296,189,2,20,3,7,14,5,2,15,0,1,15,5,2,3,28,1,0,2,14,1,3,13985,67,8,0,11,0,1,23,1,20,4,12,3,65,2,0,0,1,1,1,0,6,5,0,18,11,0,0,0,19,2,0,1,2,3,0,0,1,0,0,25,0,0,0,0,3,0,1,0,0,0,0,0,0,0,0,0,0,12,0,0,0,0,0,0,2,0,0,0,0,2,0,0,0,1,0,0,0,0,0,2,0,0,0,0,0,0,0,0
Emergency Medicine,2,6,7,45,1,2,1,0,49,0,0,1,2,1,2,0,0,0,3,0,0,0,2,0,1,3,40,0,1,109,2,4,3,0,0,0,0,0,0,0,8,10,3,0,0,2,0,1,8,0,0,1,3,1,0,2,3,0,0,6,0,0,114,4047,1,0,1,1,0,6,0,0,0,0,0,0,0,0,0,0,0,0,0,5,3,0,0,0,0,0,0,14,0,0,0,1,0,0,0,3,0,0,1,0,1,0,0,0,0,0,0,0,0,0,0,1,0,0,0,0,0,0,0,0,0,1,0,0,0,0,0,0,0,0,0,0,0,0,0,0,0,0,0,0,0,0,0,0,0,0,0
Life Sciences & Biomedicine - Other Topics,3,42,300,100,19,153,2,64,39,5,6,41,3,79,23,2,1,22,347,0,40,20,27,7,32,10,7,4,2,555,6,3,29,15,5,15,21,99,0,27,61,4,9,59,34,4,18,2,4,1,34,1,9,2,10,6,1,2,1,6,0,22,7,1,15115,1,13,11,11,50,0,3,0,0,0,14,2,0,4,1,2,0,0,3,0,0,5,2,0,3,0,1,50,0,4,2,2,1,1,5,1,1,2,0,2,3,0,0,0,2,0,0,0,1,2,0,0,0,3,0,10,0,5,0,0,0,2,7,0,0,0,0,0,0,0,0,0,1,0,0,0,0,1,0,0,0,0,0,0,0,0
Social Sciences - Other Topics,0,9,39,21,3,2,1,1,1,0,2,57,0,5,13,13,0,1,48,1,10,5,2,4,12,2,1,1,70,6,2,0,2,0,3,1,9,2,0,2,62,76,5,4,0,0,1,0,0,2,0,0,0,0,17,2,12,5,0,3,0,0,0,0,0,2321,16,0,2,8,0,0,0,0,1,0,0,1,0,8,0,0,0,17,0,1,0,0,2,0,2,1,0,2,1,17,2,0,0,66,17,2,1,0,5,0,0,0,0,0,1,0,1,12,2,8,5,1,1,0,0,0,0,0,12,0,0,0,1,0,1,5,0,0,0,3,0,0,6,1,7,0,0,1,0,0,0,0,0,0,0
Geriatrics & Gerontology,4,80,243,706,6,92,0,169,73,10,3,116,4,28,72,0,5,0,25,0,24,9,39,3,4,15,13,2,16,173,15,28,30,4,10,2,1,73,7,13,259,96,8,1,43,60,0,0,53,38,1,18,27,1,45,55,5,1,1,31,1,0,5,1,14,10,37686,1,0,138,0,87,2,6,5,2,0,0,1,2,3,2,0,124,2,0,21,2,1,3,0,20,1,0,2,16,12,0,0,15,2,1,10,0,2,2,0,0,0,3,0,0,4,1,0,4,0,0,0,0,0,0,0,0,1,5,1,0,0,1,0,0,0,0,0,0,0,0,0,0,0,0,2,0,0,0,0,0,0,0,0
Marine & Freshwater Biology,0,4,66,9,10,19,0,1,0,4,4,2,0,14,0,0,0,3,429,0,25,21,2,16,1,1,0,5,0,1,1,0,9,25,10,48,4,1,0,2,3,1,1,83,2,8,0,0,0,0,35,0,0,1,1,1,0,0,1,0,0,13,2,0,13,0,1,2635,28,3,0,0,0,0,1,0,7,4,2,0,0,1,0,0,0,0,0,2,0,0,0,1,10,0,1,0,0,11,0,1,0,0,0,0,0,0,1,1,0,0,1,0,0,2,0,0,0,0,0,0,1,0,0,0,0,0,0,0,0,0,0,0,0,0,0,0,0,0,0,0,0,0,0,0,0,0,0,0,0,0,0
Physical Geography,0,4,57,2,19,4,3,1,0,8,87,1,0,1,0,0,0,2,293,0,76,37,1,131,20,1,1,2,4,1,0,2,3,1,0,1,89,0,0,0,2,0,4,43,0,2,1,2,1,0,69,0,1,0,0,0,0,0,1,2,2,2,2,0,16,0,1,21,4261,1,0,0,0,0,0,0,90,26,106,0,2,0,0,0,0,0,1,0,0,2,0,1,1,2,0,0,0,5,1,0,0,0,0,0,0,0,0,0,0,0,1,0,0,4,7,0,0,0,10,1,0,0,10,3,0,0,0,2,0,0,1,0,0,1,0,0,0,0,2,0,0,0,0,0,0,0,0,0,0,0,0
Endocrinology & Metabolism,86,527,1089,459,16,742,5,1330,786,38,21,119,160,33,106,1,4,2,72,0,60,43,219,5,27,50,88,11,11,998,290,230,41,52,71,5,8,386,33,173,522,11,49,1,123,64,10,11,93,24,5,40,99,43,148,257,0,2,2,108,2,1,23,6,51,9,182,3,1,154736,0,60,18,23,2,43,1,0,1,3,14,2,0,64,53,0,55,5,0,39,0,12,7,0,9,31,16,0,2,15,0,1,10,1,1,2,15,1,0,16,0,0,0,2,18,1,1,0,1,0,3,2,0,3,0,0,2,9,0,0,0,0,0,0,0,0,0,0,0,0,0,0,0,0,0,0,0,0,0,0,0
Telecommunications,0,2,4,0,0,4,0,4,0,0,0,1,0,1,0,0,0,0,1,0,217,3,1,0,129,0,0,0,1,0,0,0,0,0,0,0,0,0,0,0,0,0,2,1,0,0,1,0,0,0,1,0,0,0,0,0,0,2,3,0,0,0,1,0,1,0,0,0,0,0,382,0,0,0,0,0,0,0,5,0,1,0,0,0,0,0,0,0,0,0,0,0,0,0,0,0,0,0,0,0,0,0,0,0,1,3,0,0,1,0,0,0,0,0,0,0,0,0,0,0,0,0,0,0,0,0,0,0,0,0,0,0,0,0,0,0,0,1,0,0,0,0,0,0,0,0,0,0,0,0,0
Allergy,6,16,88,21,7,49,1,76,30,20,7,8,2,1,6,0,1,0,58,0,3,14,22,1,7,7,12,1,5,84,102,39,23,14,4,3,1,50,1,113,82,1,23,1,9,13,1,7,2,1,3,7,0,4,6,10,0,0,0,8,1,0,19,1,12,0,128,2,0,65,0,22306,42,179,38,13,0,0,0,0,0,0,0,9,3,0,11,2,0,4,0,5,0,0,12,1,3,0,0,1,0,0,50,0,1,0,0,0,0,0,0,0,0,0,0,0,0,0,0,0,1,0,0,0,0,0,1,0,0,0,0,0,0,0,0,0,0,0,1,0,0,0,0,0,0,0,0,0,0,0,0
Dermatology,12,94,63,21,2,40,0,56,10,3,5,2,5,0,8,0,0,0,6,0,5,1,21,0,2,2,11,2,0,19,6,33,5,4,0,0,2,14,2,17,15,1,5,0,0,6,0,1,5,0,1,14,3,21,0,6,0,0,0,7,2,0,8,0,0,0,7,0,0,21,0,51,9122,3,0,6,1,0,1,0,1,0,0,9,0,0,12,2,0,1,0,2,0,0,3,0,5,0,0,0,0,1,5,0,0,0,0,0,0,1,0,0,0,0,0,0,0,0,0,0,1,0,0,0,0,0,1,0,0,0,0,0,0,0,0,0,0,0,0,0,0,0,0,0,0,0,0,0,0,0,0
Respiratory System,1,42,57,18,2,41,2,29,53,6,0,1,1,2,10,0,1,0,13,0,10,5,8,0,2,1,7,1,0,41,30,6,4,7,1,0,0,8,0,32,59,0,8,0,12,10,0,2,1,0,0,1,2,11,3,6,0,0,0,14,3,0,27,0,2,0,28,0,0,29,0,194,2,8795,4,3,0,0,0,1,0,0,0,3,1,0,2,0,0,2,0,4,0,0,3,5,1,0,1,2,0,0,8,0,0,0,0,0,0,1,0,0,0,0,0,0,0,0,0,0,0,0,0,0,0,1,0,0,0,0,0,0,0,0,0,0,0,0,0,0,0,0,0,0,0,0,0,0,0,0,0
Construction & Building Technology,0,5,40,6,4,5,3,1,1,7,12,1,0,0,1,0,2,1,80,0,125,19,0,6,17,6,2,32,30,2,0,0,6,0,5,2,11,0,0,7,11,0,15,0,1,0,3,10,0,0,5,0,0,0,1,0,0,0,48,0,0,0,4,0,0,1,4,0,3,4,0,22,1,6,2726,0,1,1,0,0,9,6,4,0,2,0,0,0,0,0,0,1,0,0,1,5,1,0,3,4,0,0,0,1,2,9,0,5,4,0,1,0,0,0,1,0,0,0,0,0,0,0,0,66,0,0,4,0,0,0,0,0,0,0,0,2,0,3,0,0,0,0,0,0,0,0,0,0,10,0,0
Virology,5,74,152,11,7,148,0,22,11,2,2,1,3,1,0,0,0,7,23,0,7,15,26,0,1,5,5,2,1,24,32,9,97,68,12,3,5,3,0,173,32,1,6,5,0,22,1,1,2,1,23,3,1,2,0,2,0,0,2,9,0,3,108,0,9,0,2,0,0,68,0,8,1,2,0,9183,0,0,0,0,0,0,0,1,2,0,2,9,0,0,0,0,6,0,0,0,1,0,0,1,0,1,18,0,0,0,1,5,3,0,0,0,0,0,0,0,0,0,0,0,6,0,0,0,0,0,0,0,0,0,0,0,0,0,0,0,0,0,0,0,0,0,0,0,0,0,0,0,0,0,0
Geochemistry & Geophysics,0,3,48,5,22,4,27,4,2,282,78,0,0,0,1,0,1,1,154,0,61,28,3,228,23,2,1,11,1,4,0,3,2,10,0,0,28,0,0,0,5,0,28,5,0,1,7,20,1,0,4,1,1,0,0,3,0,0,4,0,1,0,1,0,6,1,1,6,66,4,0,1,0,0,3,0,3903,3,75,0,1,0,0,0,0,0,1,0,0,0,0,1,1,0,0,1,0,1,2,0,0,0,0,0,0,0,0,0,1,0,2,0,0,1,1,0,0,0,3,8,0,0,1,3,0,0,10,0,0,0,0,0,0,0,0,0,0,0,0,0,1,0,0,0,0,0,0,0,0,0,0
Water Resources,0,0,12,0,17,1,0,0,0,3,12,0,0,0,0,0,0,0,96,0,60,10,1,14,5,1,0,1,3,0,0,0,0,0,0,1,6,0,0,0,0,0,1,8,0,0,0,0,0,0,1,0,0,0,0,0,0,0,10,0,0,0,0,0,0,0,0,1,24,0,0,0,0,0,1,1,7,787,6,0,0,0,0,0,0,0,1,0,0,0,0,0,0,0,0,0,0,0,0,0,0,0,0,0,0,1,0,0,0,0,1,0,0,2,0,1,0,0,0,0,0,0,0,0,5,0,1,0,0,0,0,0,0,0,0,0,0,0,0,0,0,0,0,0,0,0,0,0,0,0,0
Remote Sensing,0,0,20,1,25,5,16,0,1,13,71,0,1,0,0,0,0,0,130,0,34,51,0,15,13,0,0,2,2,1,0,0,2,1,0,0,144,0,0,0,1,0,4,16,0,1,1,1,0,0,20,0,0,0,1,0,0,0,2,0,0,0,1,0,8,0,0,1,113,1,0,0,0,0,2,0,68,8,2293,0,0,0,1,0,0,0,0,0,0,0,0,0,1,0,0,0,0,1,0,0,0,0,0,0,0,0,0,0,0,0,2,2,0,8,0,0,0,0,0,0,0,0,0,0,0,0,1,1,0,0,0,0,0,0,0,0,0,0,0,0,0,0,0,0,0,0,0,0,0,0,0
Criminology & Penology,0,2,4,15,0,2,0,2,2,0,0,71,8,3,31,14,1,0,3,0,0,0,0,0,3,0,1,0,7,2,3,0,0,0,1,0,1,0,0,0,10,6,0,0,0,1,1,0,0,0,0,0,0,0,0,0,8,2,0,0,7,0,0,0,0,7,1,0,0,2,0,1,0,1,0,0,0,0,0,1273,0,0,0,4,0,0,0,0,0,0,0,2,0,1,0,12,0,0,0,4,7,0,0,0,2,0,0,0,0,0,0,0,2,0,1,5,0,2,0,0,0,0,0,0,0,0,0,0,0,4,0,0,0,0,0,0,0,0,0,0,0,0,0,0,0,0,0,0,0,0,0
Acoustics,6,7,31,40,2,9,6,6,9,3,1,20,0,2,1,0,24,0,9,0,129,18,8,1,79,11,4,8,1,7,15,0,1,0,2,1,1,1,0,3,2,0,21,0,14,5,14,3,28,2,2,0,17,0,1,6,0,0,0,4,0,0,0,0,0,0,2,0,0,21,0,1,0,0,11,0,0,0,0,0,3343,2,0,0,0,0,1,4,0,1,0,1,0,0,0,0,0,1,0,3,0,1,6,0,1,1,0,0,0,2,2,0,0,0,0,1,0,0,0,0,0,0,0,1,0,0,0,0,1,0,0,0,0,0,0,0,0,0,0,0,0,0,0,0,0,0,0,0,0,0,0
Mechanics,0,1,26,3,3,7,5,0,0,4,1,0,0,0,0,0,0,0,6,0,107,15,3,0,21,2,1,62,0,1,1,3,0,0,1,1,1,0,0,1,1,1,71,0,1,1,18,0,3,1,0,1,0,0,5,0,0,1,1,0,0,0,1,0,3,0,0,0,0,3,0,0,0,0,6,0,0,0,0,0,3,614,0,0,0,0,2,0,0,0,0,0,0,0,0,0,0,0,2,0,0,0,0,0,0,9,0,0,3,0,0,0,0,0,0,0,0,0,0,0,0,0,0,1,0,0,2,0,0,0,0,0,1,0,0,0,0,1,0,0,0,0,0,0,0,0,0,0,0,0,0
Electrochemistry,1,1,35,1,8,24,6,0,0,0,0,0,0,0,0,0,0,0,8,0,46,369,0,1,0,7,2,137,1,2,0,0,3,0,0,0,5,0,0,1,0,0,24,0,0,5,0,2,0,0,0,0,0,0,1,0,0,0,14,0,0,0,0,0,0,0,0,0,0,0,0,1,0,0,1,0,1,0,0,0,1,1,1208,0,0,0,0,0,0,0,0,0,0,0,1,0,0,0,9,0,0,0,0,1,0,6,1,1,11,0,0,0,0,0,0,0,0,0,1,1,0,0,0,9,0,0,6,0,0,0,0,0,1,0,0,0,0,0,0,0,0,0,0,0,0,0,0,0,0,0,0
Health Care Sciences & Services,1,80,95,92,0,6,0,17,49,2,0,88,11,8,67,5,2,0,24,0,18,4,4,0,43,2,6,0,59,161,17,18,2,1,2,0,2,23,10,6,258,102,2,2,2,31,10,1,19,13,0,12,4,2,15,28,3,12,3,29,2,0,6,6,3,21,95,1,0,63,1,13,4,7,3,1,0,0,0,6,2,0,0,11471,4,2,27,0,0,0,1,22,1,0,0,16,15,0,0,25,1,0,5,0,6,0,0,0,0,0,0,0,0,1,0,2,0,0,0,0,0,0,0,0,0,8,0,2,0,0,0,0,0,0,0,0,0,0,0,0,0,2,1,0,0,0,0,0,0,0,0
Medical Laboratory Technology,25,41,23,10,1,50,0,17,64,1,2,4,16,1,3,0,0,0,3,0,5,10,10,0,1,1,7,0,0,40,11,11,9,1,1,0,0,3,7,20,14,0,1,0,0,5,1,0,0,0,0,5,3,2,4,11,0,0,1,7,9,0,5,7,1,0,2,0,0,49,0,5,0,5,0,0,0,0,0,0,1,0,0,8,4699,0,2,0,0,0,0,2,0,0,1,5,0,0,0,1,1,0,0,0,0,0,0,0,0,0,1,0,0,0,0,0,0,0,0,0,0,0,0,1,0,0,0,0,0,0,0,0,0,0,0,0,0,0,0,0,0,0,0,0,0,0,0,0,0,0,0
Integrative & Complementary Medicine,0,2,13,1,1,1,0,0,0,0,0,3,0,0,0,0,0,0,10,0,0,1,0,0,0,0,0,0,0,0,0,0,0,0,0,0,0,0,0,0,3,9,1,0,0,7,0,0,0,1,2,0,1,0,0,0,0,0,0,0,0,0,0,0,0,0,5,0,0,1,0,2,0,0,0,0,0,0,0,0,0,0,0,0,0,116,0,2,0,0,0,0,0,0,1,0,0,0,0,0,0,0,0,0,0,0,0,0,0,0,0,0,0,0,0,0,0,0,0,0,0,0,0,0,0,0,0,0,0,0,0,0,0,0,0,0,0,0,0,0,0,0,0,0,0,0,0,0,0,0,0
"Dentistry, Oral Surgery & Medicine",6,111,89,87,8,58,2,42,40,11,6,22,4,3,21,0,3,0,20,0,127,32,40,2,5,15,35,32,10,65,20,13,32,32,3,0,5,12,2,47,54,9,20,0,4,17,2,6,17,6,3,20,17,29,9,10,0,0,1,14,4,0,16,0,2,3,22,1,0,54,1,6,10,4,0,2,4,0,0,0,2,3,0,20,3,0,36197,2,0,8,0,17,1,0,2,25,12,0,0,2,0,1,72,0,1,0,1,2,4,1,0,0,0,1,4,1,0,0,0,0,0,0,0,0,0,1,1,2,0,0,0,0,3,0,0,0,0,0,0,0,0,0,0,0,0,0,0,0,0,0,0
Veterinary Sciences,0,13,67,10,103,20,0,20,1,7,3,6,2,6,1,0,1,1,18,0,17,7,2,1,2,0,5,3,4,1,0,2,26,32,11,10,1,8,0,21,10,0,4,3,7,20,1,2,18,0,0,1,9,23,2,2,0,0,0,1,0,5,24,0,3,0,3,1,1,3,1,2,4,1,0,10,0,0,0,0,4,0,0,0,0,2,2,4713,0,0,0,1,4,0,1,0,4,0,0,1,0,0,0,0,0,1,9,0,0,1,0,0,0,0,0,0,0,0,0,0,34,0,0,2,0,0,0,2,0,0,0,0,0,0,0,0,0,0,0,0,0,0,0,0,0,0,0,0,0,0,0
Religion,0,0,0,0,0,0,0,0,0,0,0,4,0,0,0,0,0,0,2,0,0,0,1,0,0,0,0,0,0,0,0,0,0,0,0,0,0,0,0,0,0,0,0,0,0,0,0,0,0,0,0,0,0,0,0,0,1,0,0,0,0,0,0,0,0,1,0,0,0,0,0,0,0,0,0,0,0,0,0,0,0,0,0,0,0,0,0,0,240,0,2,0,0,0,0,0,0,0,1,19,5,1,0,0,3,0,0,0,0,0,0,0,0,0,0,2,1,1,2,0,0,0,0,0,0,0,0,0,1,2,1,1,0,0,0,0,0,0,1,0,5,0,0,0,0,0,0,0,0,0,0
Developmental Biology,6,23,73,20,4,48,1,44,13,1,0,12,6,0,1,0,1,0,10,0,2,3,69,4,1,1,2,4,0,4,11,3,9,2,1,0,0,0,2,5,5,0,1,0,2,4,0,0,0,0,5,1,0,3,0,13,0,0,0,9,0,6,2,0,9,0,1,0,0,21,0,1,4,4,0,1,0,1,0,0,2,0,0,0,0,0,9,0,0,3322,0,3,0,0,6,0,1,0,0,0,0,0,2,0,0,0,12,0,1,9,0,0,0,0,4,0,0,0,0,0,0,0,0,1,0,0,0,0,0,0,0,0,0,0,0,0,0,0,0,0,0,0,0,0,0,0,0,0,0,0,0
History,0,0,0,0,0,0,0,0,0,1,0,1,0,0,0,0,0,0,1,0,1,0,0,0,1,0,0,0,6,0,0,0,1,0,0,0,0,0,0,0,0,0,0,0,0,0,0,0,0,0,0,0,0,0,0,0,3,0,0,0,0,0,0,0,0,0,0,0,0,0,0,0,0,0,0,0,0,0,0,1,0,0,0,1,0,0,0,0,2,0,205,0,0,3,0,1,0,0,0,9,0,1,0,0,1,0,0,0,0,0,0,0,0,4,1,0,3,2,8,0,0,0,1,0,0,0,0,0,0,0,1,0,0,0,0,0,0,0,1,0,2,0,0,0,0,0,0,1,0,0,0
Anesthesiology,12,26,32,147,3,18,1,15,104,9,2,12,2,8,16,0,1,0,10,0,11,6,3,0,13,4,64,6,1,108,7,7,5,4,1,0,5,7,0,9,68,7,8,1,4,84,2,6,9,5,2,10,9,0,8,14,0,0,3,7,1,0,16,13,3,1,16,1,0,18,0,7,1,2,1,0,1,0,1,1,5,0,1,19,10,0,14,3,0,1,0,12357,0,0,5,8,1,0,0,4,0,0,14,0,0,1,0,0,0,2,1,0,0,0,2,0,0,0,0,0,0,0,0,2,0,2,0,1,0,0,0,0,2,0,0,0,0,0,0,0,0,0,0,0,0,0,0,0,0,0,0
Zoology,0,0,91,1,10,40,2,3,2,1,0,19,0,62,0,0,0,79,334,0,5,2,2,3,0,0,0,3,2,1,1,1,3,7,1,15,11,0,0,2,1,1,0,123,3,2,0,1,1,0,9,0,0,0,0,0,0,0,0,1,2,95,1,0,41,1,0,16,0,0,0,0,0,0,1,1,0,0,3,0,1,0,0,0,0,0,0,2,0,1,0,0,3429,0,0,0,1,1,1,0,0,0,0,0,0,0,0,1,0,3,0,0,0,0,4,0,2,0,1,0,19,0,0,0,0,0,0,1,0,0,0,0,0,0,0,0,0,0,0,0,0,0,0,0,0,0,0,0,0,0,0
Area Studies,0,0,2,0,0,0,0,0,0,0,1,0,0,0,0,0,0,0,6,0,1,0,0,0,0,0,0,0,15,0,0,0,0,0,0,0,2,0,0,0,2,0,0,0,0,0,0,0,0,0,0,0,0,0,0,1,4,2,1,0,0,0,0,0,0,2,0,0,0,0,0,0,0,0,0,0,0,0,0,1,0,0,0,0,0,0,0,0,1,0,0,0,0,283,0,1,0,0,0,1,3,0,0,0,1,0,0,0,0,0,0,0,1,4,2,0,0,8,0,0,0,0,0,0,1,0,0,0,1,2,2,0,0,0,0,1,0,0,0,0,0,0,0,1,0,0,0,0,0,0,0
Toxicology,0,15,53,9,4,52,0,7,4,3,7,1,0,1,0,0,0,0,127,0,30,37,17,3,0,3,2,7,1,4,3,3,9,4,9,0,1,3,0,8,18,1,0,0,1,86,0,0,2,0,1,2,0,0,3,6,0,0,4,17,6,0,1,1,2,1,0,2,0,13,0,8,4,5,1,0,0,0,0,0,0,0,0,0,1,0,5,0,0,3,0,1,1,0,2590,0,2,0,0,1,0,0,2,1,0,0,7,0,0,4,0,0,0,0,0,0,0,0,0,0,0,0,0,0,0,0,0,0,0,0,0,0,0,0,0,0,0,0,0,0,0,0,0,0,0,0,0,0,0,0,0
Substance Abuse,0,10,75,78,0,39,1,69,29,0,1,106,10,20,96,1,4,0,8,0,7,6,3,0,0,1,3,1,8,48,4,18,0,1,0,0,0,10,1,1,178,7,0,0,1,17,2,0,3,3,0,2,2,1,3,9,2,2,0,6,9,0,0,2,5,17,13,0,0,28,0,3,2,11,0,0,0,0,0,16,0,0,0,14,4,0,19,0,0,1,1,4,0,0,1,9030,3,0,0,7,4,0,1,0,3,0,1,0,0,0,1,0,0,1,2,2,0,0,0,0,1,0,0,0,0,0,1,0,0,1,0,0,0,0,0,0,0,0,0,0,2,0,0,0,0,0,0,0,0,0,0
Ophthalmology,3,30,73,52,0,61,0,45,25,2,0,9,3,10,5,0,1,0,1,0,22,20,28,0,18,4,5,1,0,13,24,4,3,0,4,0,1,11,0,10,24,1,3,1,5,27,1,1,2,0,2,3,0,2,0,2,0,0,1,8,0,0,4,0,4,1,15,1,0,24,0,2,4,1,1,1,0,0,0,0,0,0,0,7,0,0,7,3,0,1,0,2,0,0,0,5,6921,0,0,3,0,2,6,0,0,0,0,0,1,0,0,4,0,0,0,0,1,0,0,0,1,0,0,0,0,1,0,0,1,0,0,0,1,0,0,0,0,0,0,0,0,0,0,0,0,0,0,0,0,0,0
Oceanography,0,1,8,1,1,4,0,2,0,1,50,1,0,0,0,0,0,0,79,0,21,6,0,29,0,0,1,2,1,0,0,0,2,3,0,4,0,0,0,0,0,0,8,6,0,0,0,1,0,0,4,0,0,0,0,0,0,0,2,0,0,0,0,0,4,0,1,10,15,1,0,0,0,0,0,0,2,2,4,0,1,0,0,0,0,0,0,0,0,0,0,0,0,0,0,0,0,642,1,0,0,0,0,0,0,0,0,0,0,0,0,0,0,2,0,0,0,0,0,0,0,0,4,1,0,0,0,0,0,0,0,0,0,0,0,0,0,0,0,0,0,0,0,0,0,0,0,0,0,0,0
Nuclear Science & Technology,0,3,11,3,4,3,0,2,0,12,8,0,0,1,1,0,0,1,32,0,55,31,0,3,6,1,2,91,1,7,0,1,1,0,0,2,3,0,0,0,3,1,284,1,0,0,2,21,0,0,1,1,4,0,0,0,0,0,2,0,0,0,2,0,0,1,0,0,1,1,1,0,0,0,4,0,2,0,0,0,0,1,8,2,1,0,0,0,0,1,0,0,0,0,0,0,3,0,1380,0,0,0,0,1,0,8,0,0,0,0,1,0,0,0,0,0,0,0,0,0,0,1,0,2,1,0,4,0,0,0,0,0,0,3,0,0,0,0,0,0,0,0,0,0,0,0,0,0,0,0,0
Education & Educational Research,2,11,43,43,11,9,1,8,9,7,2,433,2,16,29,22,23,0,22,5,23,18,8,1,88,1,3,9,95,12,9,3,8,1,4,2,3,4,0,2,89,125,9,1,1,19,12,0,6,11,2,2,2,5,30,6,4,15,4,2,3,0,0,3,4,52,26,1,0,7,0,2,0,1,2,0,0,0,0,6,1,0,0,18,0,1,3,2,18,0,4,2,0,1,0,9,4,0,1,9733,12,38,0,0,19,3,0,0,0,1,0,0,3,10,2,7,3,2,1,0,0,0,0,2,8,0,1,0,14,4,3,7,0,0,1,0,0,0,4,12,4,0,1,0,0,0,0,2,0,1,0
Sociology,0,0,4,2,0,0,1,0,0,0,0,7,0,4,1,10,0,0,9,2,2,1,0,1,1,0,0,0,22,1,1,0,0,0,2,0,0,2,0,0,25,1,0,1,1,0,0,0,0,2,0,0,0,0,1,1,2,1,0,0,0,0,0,0,3,17,4,0,1,0,0,0,0,0,0,0,0,0,0,5,0,0,0,6,1,0,0,0,7,0,2,0,0,0,0,5,0,0,0,16,586,1,0,0,15,0,0,0,0,0,0,0,6,3,0,4,3,2,0,0,0,0,0,0,9,0,0,0,0,4,2,5,0,0,0,1,0,0,4,0,0,0,0,1,0,0,0,1,0,0,0
Linguistics,0,0,12,23,1,3,0,0,0,1,1,54,0,1,4,0,22,0,3,0,4,0,0,0,13,0,0,0,8,0,1,0,0,1,0,0,0,0,0,1,3,0,1,1,0,0,0,1,0,3,0,0,0,0,0,2,1,1,0,0,0,1,0,1,2,1,0,0,0,2,0,0,0,0,0,0,0,1,0,0,7,0,0,0,0,0,1,0,0,0,1,0,0,0,0,0,2,0,0,37,0,843,2,0,42,0,0,0,0,0,0,0,0,0,2,0,0,0,0,0,0,0,1,0,0,0,0,0,0,2,1,2,0,0,0,0,0,0,6,0,0,0,0,4,0,0,0,0,0,0,0
Otorhinolaryngology,1,117,34,95,1,22,0,8,5,3,1,4,2,3,5,0,43,0,3,0,18,5,16,0,4,1,31,4,1,16,26,23,11,13,0,1,2,5,1,22,18,4,3,0,0,7,0,1,8,4,0,4,13,20,2,4,0,1,0,53,0,0,23,0,2,1,8,0,0,17,0,44,8,6,0,11,1,0,0,0,3,0,0,4,1,0,74,0,0,1,0,7,0,0,0,0,6,0,0,1,0,0,11690,0,0,0,0,0,1,0,0,0,0,0,0,0,0,0,0,0,0,0,0,1,0,1,0,0,0,0,0,0,0,0,0,0,0,0,0,0,0,0,0,0,0,0,0,0,0,0,0
Crystallography,0,0,29,2,1,6,8,0,0,2,1,0,0,0,0,0,0,0,4,0,47,194,0,0,2,1,0,37,0,0,0,0,0,0,1,0,0,0,0,0,0,0,45,0,0,8,0,3,0,0,1,0,0,0,1,0,0,0,1,0,0,0,0,0,0,0,0,0,0,0,0,0,0,0,0,0,0,0,0,0,0,0,6,0,0,0,0,0,0,0,0,0,0,0,0,0,0,0,3,0,0,0,0,268,0,2,0,0,3,0,0,0,0,0,0,0,0,0,0,0,0,1,0,0,0,0,2,0,0,0,0,0,0,0,0,0,0,0,0,0,0,0,0,0,0,0,0,0,0,0,0
Communication,0,0,10,3,1,0,0,1,1,0,0,32,0,1,2,0,0,0,3,0,7,1,1,0,33,0,0,1,58,2,0,1,0,0,1,0,2,1,0,1,7,0,1,0,0,0,0,0,0,3,0,0,0,0,1,0,7,21,1,0,0,0,0,0,0,12,2,0,0,2,3,0,0,0,0,0,0,0,0,2,1,0,0,6,0,0,0,0,5,0,2,1,0,1,0,7,0,0,0,22,11,32,2,0,983,0,0,0,0,0,0,0,4,2,4,2,1,2,0,0,0,0,0,0,5,1,0,0,0,1,3,14,0,0,0,0,0,0,4,2,1,0,0,1,0,0,0,3,0,0,0
Automation & Control Systems,1,0,30,6,4,20,5,3,1,7,1,1,0,0,0,0,0,0,5,0,223,25,1,4,128,1,2,12,9,0,0,0,1,2,2,1,5,0,0,0,4,0,3,0,1,15,29,4,0,0,0,0,0,0,0,0,0,0,24,0,0,1,0,0,2,0,0,1,0,5,3,0,0,0,10,0,0,0,1,0,7,2,3,1,0,0,0,0,0,0,0,1,0,0,0,0,0,0,6,2,0,0,0,2,0,1438,1,0,0,0,6,0,0,0,0,0,0,0,0,0,0,0,0,10,0,0,2,2,0,0,0,0,0,2,1,0,0,1,0,0,0,0,0,0,0,0,0,0,0,0,0
Reproductive Biology,0,40,18,5,29,10,0,8,0,0,0,0,1,0,1,0,0,0,3,0,1,4,10,0,1,1,0,0,0,4,2,1,3,0,0,0,1,3,0,2,16,0,2,0,0,8,0,0,0,0,1,5,0,2,0,3,0,0,0,1,1,0,0,0,0,0,0,2,0,24,0,0,0,0,1,1,0,0,0,0,0,0,0,0,0,0,0,3,0,4,0,0,0,0,8,0,0,0,0,0,0,0,1,0,0,0,787,0,0,0,0,0,0,0,0,0,0,0,0,0,0,0,0,0,0,0,1,0,0,0,0,0,0,0,0,0,0,0,0,0,0,0,0,0,0,0,0,0,0,0,0
Mycology,0,2,15,1,22,36,1,9,0,2,1,1,0,0,0,0,0,1,37,0,4,5,0,0,1,0,0,3,0,2,0,1,22,29,3,0,45,0,0,0,0,0,0,4,0,2,1,0,0,0,105,0,0,0,0,0,0,0,0,0,0,9,4,0,1,0,1,0,0,1,0,0,0,0,1,6,0,0,0,0,0,0,1,0,0,0,1,0,0,0,0,0,0,0,0,0,0,0,0,0,0,0,0,0,0,0,0,1696,0,0,0,0,0,0,0,0,0,0,0,0,1,0,0,0,0,0,0,5,1,0,0,0,0,0,0,0,0,0,1,0,0,0,0,0,0,0,0,0,0,0,0
Polymer Science,1,2,50,0,19,90,6,0,5,1,1,0,1,0,0,0,0,0,8,0,90,405,3,0,2,7,0,202,0,0,1,0,7,5,2,0,13,0,0,0,1,0,19,2,0,22,0,1,1,0,1,0,1,0,0,0,0,0,3,9,0,0,1,0,0,0,0,0,1,1,0,0,0,0,1,2,1,0,0,1,0,3,4,0,1,0,6,0,0,0,0,0,1,0,0,0,1,0,0,1,0,0,1,1,0,0,0,1,1980,0,0,3,0,0,0,0,0,0,0,0,0,0,0,6,0,0,0,2,0,1,0,0,0,0,0,0,0,0,0,0,0,0,0,0,0,0,0,0,0,0,0
Anatomy & Morphology,1,5,27,17,1,13,0,4,1,0,0,4,4,4,0,0,1,1,0,0,2,0,23,1,2,3,0,0,0,4,0,2,4,0,0,0,0,0,1,1,1,0,1,1,1,1,4,2,13,0,0,3,5,11,0,0,0,0,0,1,2,4,0,0,3,0,2,0,1,6,0,0,2,0,0,0,0,0,0,0,0,0,0,0,0,0,7,0,0,5,0,1,2,0,2,0,0,0,0,0,0,0,0,0,0,0,0,0,0,1113,0,0,0,0,0,0,0,0,0,0,0,0,3,0,0,0,0,1,0,0,0,0,0,0,0,0,0,0,0,0,0,0,0,0,0,0,0,0,0,0,0
Transportation,0,2,10,0,2,2,1,0,1,0,1,0,0,0,0,0,0,0,7,0,27,0,0,0,10,0,0,0,22,1,0,0,0,0,0,0,0,0,0,0,5,0,2,0,0,0,0,0,0,0,0,0,0,1,1,0,0,0,1,0,0,0,0,0,0,1,0,1,1,1,0,0,0,0,4,0,0,0,0,0,0,0,0,1,1,0,0,0,0,1,0,0,0,0,0,0,0,0,1,0,0,0,0,0,0,1,0,0,0,0,268,1,0,2,0,0,0,0,0,0,0,0,0,6,0,0,0,1,0,0,0,0,0,0,0,0,0,0,0,0,0,0,0,0,0,0,0,0,0,0,0
Imaging Science & Photographic Technology,0,0,9,0,3,3,8,0,0,0,0,0,0,0,0,0,0,0,2,0,19,2,0,0,12,1,0,11,2,0,0,0,0,0,0,0,0,0,0,0,0,0,8,0,0,1,0,0,0,0,0,0,0,0,0,0,0,0,1,0,0,0,0,0,0,0,0,0,1,0,0,0,1,0,1,0,0,0,0,0,0,0,0,0,0,0,0,0,0,0,0,0,0,0,2,0,2,0,0,0,0,0,0,0,1,0,0,0,2,0,0,225,0,0,0,0,0,0,0,0,0,0,0,1,0,0,0,2,0,0,0,0,0,0,0,0,0,0,0,0,0,0,0,0,0,0,0,0,0,0,0
Demography,0,0,6,2,0,0,0,6,1,0,0,8,1,0,1,2,0,0,2,0,0,0,0,0,0,0,0,0,17,1,0,0,0,0,0,0,0,0,0,0,32,2,0,0,0,0,1,0,0,0,0,0,0,0,0,1,2,0,0,0,0,0,0,0,1,4,7,0,0,0,0,0,0,0,0,0,0,0,0,2,0,0,0,3,0,0,1,0,0,0,1,0,0,0,0,1,0,0,0,1,12,0,0,0,1,0,0,0,0,0,0,0,245,1,3,0,0,0,0,0,0,0,0,0,1,0,0,0,0,1,0,1,0,0,0,0,0,0,1,0,0,0,0,0,0,0,0,0,0,0,0
Geography,0,2,19,1,4,0,0,0,0,0,1,2,0,0,0,0,0,0,66,0,12,3,0,4,12,0,0,0,21,0,0,0,0,0,1,1,12,0,0,0,8,1,0,7,0,1,1,0,0,0,3,0,0,0,0,1,1,0,1,0,0,0,0,0,0,11,0,1,5,2,0,0,0,0,1,0,0,2,5,1,0,0,0,1,0,0,0,0,0,0,0,0,0,0,0,1,0,0,0,13,1,1,0,0,1,1,0,0,0,0,3,0,2,630,3,0,0,1,3,0,0,0,0,0,7,0,0,0,0,0,0,3,0,0,0,3,0,0,0,1,1,0,0,0,0,0,0,0,2,0,0
Anthropology,0,1,38,5,6,6,0,11,9,0,0,21,0,6,7,1,0,0,16,0,7,1,0,3,1,1,0,0,4,6,2,0,1,0,0,1,2,8,0,0,17,0,3,1,0,2,1,0,3,1,3,0,1,0,1,2,1,0,0,0,0,1,0,0,8,1,4,0,6,10,0,2,0,0,1,0,2,0,0,1,0,0,0,0,0,0,5,1,0,4,3,0,3,0,0,2,1,0,0,1,1,1,0,0,5,0,0,0,0,2,0,0,3,4,1513,0,0,3,28,0,0,0,2,0,0,0,0,0,0,0,0,3,0,0,0,0,0,0,0,0,0,0,0,0,0,0,0,0,0,0,0
Social Work,0,0,3,0,0,1,0,0,0,0,0,5,0,0,3,13,0,0,1,0,0,1,0,0,0,0,1,0,5,2,0,0,0,1,0,0,0,0,0,0,10,3,0,0,0,0,0,0,0,0,0,0,1,0,0,0,2,8,0,0,0,0,0,0,0,5,3,0,0,1,0,0,0,0,0,0,0,1,0,3,0,0,0,1,0,0,0,0,2,0,0,0,0,2,0,3,0,0,0,12,7,0,0,0,5,0,0,0,0,0,0,0,0,1,1,349,0,0,0,0,0,0,0,0,11,0,0,0,0,2,0,0,0,0,0,0,0,0,0,0,0,0,0,0,0,0,0,0,0,0,0
History & Philosophy of Science,1,0,2,0,1,1,0,0,0,1,0,3,0,1,0,0,0,1,6,0,2,0,0,0,3,0,0,0,6,0,0,0,0,0,1,1,0,0,0,0,1,0,0,1,0,1,4,0,0,0,0,0,0,0,0,0,0,0,0,1,0,0,0,0,0,5,0,0,0,0,0,0,0,0,0,0,0,0,0,0,0,0,0,0,0,0,0,0,1,0,2,0,0,0,0,0,0,0,0,2,0,2,0,0,4,0,0,0,0,0,0,0,0,0,0,0,119,0,0,0,0,0,0,0,0,0,0,0,0,1,0,0,0,0,0,0,0,0,0,0,8,0,0,0,0,0,0,0,0,0,0
International Relations,0,0,0,0,0,0,0,0,0,0,0,2,0,0,0,0,0,0,5,2,0,0,0,0,0,0,0,0,11,0,0,0,0,0,0,0,0,0,0,0,0,0,2,0,0,0,2,0,0,0,0,0,0,0,0,0,15,0,0,0,0,0,0,0,0,4,0,0,0,0,0,0,0,0,0,0,0,0,0,1,0,0,0,0,0,0,0,0,0,0,1,0,0,8,0,0,0,0,0,3,7,0,0,0,3,0,0,0,0,0,0,0,0,3,0,0,0,307,0,0,0,0,0,0,6,0,0,0,0,1,2,3,0,0,0,0,0,0,0,0,1,0,0,0,0,0,0,0,0,0,0
Archaeology,0,1,4,0,5,0,0,0,1,0,1,0,0,0,0,0,0,0,6,0,0,0,0,5,0,0,0,0,1,0,0,0,0,0,0,0,0,1,0,0,1,0,0,1,0,0,0,0,0,0,2,0,0,0,0,0,0,0,0,0,0,0,0,0,0,0,0,1,9,2,0,0,0,0,0,0,2,0,0,0,0,0,0,0,0,0,0,0,3,0,2,0,2,0,0,0,1,0,0,0,0,0,0,0,1,0,0,0,0,1,0,0,0,0,40,0,1,0,322,0,0,0,2,0,0,0,0,0,0,0,1,0,0,0,0,0,0,0,3,0,0,0,0,0,0,0,0,0,0,0,0
Mineralogy,0,0,0,0,1,0,0,1,0,0,0,0,0,0,1,0,0,0,4,0,1,12,0,8,1,0,0,7,0,0,0,0,0,2,0,0,0,0,0,0,0,0,3,0,0,0,0,0,0,0,0,0,0,0,0,0,0,0,0,0,0,0,0,0,0,0,0,0,0,0,0,0,0,0,0,0,11,0,0,0,0,0,0,0,0,0,0,0,0,0,0,0,0,0,0,0,0,0,0,0,0,0,0,0,0,0,0,0,0,0,0,0,0,0,0,0,0,0,0,93,0,0,0,0,0,0,3,0,0,0,0,0,0,0,0,0,0,0,0,0,0,0,0,0,0,0,0,0,0,0,0
Parasitology,2,0,33,0,10,33,0,3,1,4,0,3,1,11,0,0,0,8,41,0,4,2,1,0,0,0,1,2,0,2,0,0,8,14,1,8,3,1,0,15,11,0,0,11,3,6,1,1,0,0,2,0,0,3,0,0,0,0,0,1,0,24,17,0,5,0,0,3,1,0,1,1,2,0,1,4,0,0,0,0,0,0,0,0,0,0,0,30,0,0,0,0,22,0,0,0,2,0,0,0,0,0,0,0,0,0,0,0,0,2,0,0,0,0,0,0,0,0,0,0,1864,0,0,0,0,0,0,1,0,0,0,0,0,0,0,0,0,0,0,0,0,0,0,0,0,0,0,0,0,0,0
Spectroscopy,0,0,11,1,0,10,38,0,0,2,1,0,0,0,0,0,0,0,4,0,10,75,0,0,0,1,0,24,0,0,0,0,0,0,0,0,0,0,0,0,0,0,35,0,1,4,0,10,1,0,0,0,0,0,0,0,0,0,4,0,0,0,0,0,0,0,0,0,0,1,0,0,0,0,0,0,0,0,0,0,0,0,0,0,0,0,0,0,0,0,0,0,0,0,0,0,0,0,0,0,0,0,0,1,0,0,0,0,0,0,0,0,0,0,0,0,0,0,0,1,0,344,0,2,0,0,0,0,0,0,0,0,0,0,0,0,0,0,0,0,0,0,0,0,0,0,0,0,0,0,0
Paleontology,0,0,7,0,0,1,1,0,0,1,2,0,0,0,0,0,0,0,8,0,0,0,0,10,1,2,0,0,0,0,0,0,0,0,0,0,0,0,0,0,0,0,0,4,0,0,0,0,0,0,0,0,0,0,0,0,0,0,0,0,2,1,0,0,3,0,0,2,7,0,0,0,0,0,0,0,0,0,0,0,0,1,0,0,0,0,0,0,0,0,0,0,0,0,0,0,0,1,0,0,0,0,0,0,0,0,0,0,0,0,0,0,0,0,6,0,0,0,6,0,0,0,146,0,0,0,0,0,0,0,0,0,0,0,0,0,0,0,0,0,0,0,0,0,0,0,0,0,0,0,0
Thermodynamics,0,5,66,1,12,10,4,2,1,12,24,3,0,0,0,0,0,1,26,0,263,125,1,1,27,1,2,63,28,0,0,1,1,0,0,0,8,0,0,0,3,0,33,0,0,1,10,22,1,0,1,0,2,0,0,0,0,0,135,0,0,0,1,1,0,1,0,0,2,0,0,0,0,0,54,0,4,0,0,0,0,5,17,0,0,0,0,1,0,0,0,2,0,2,1,0,0,1,5,2,0,0,1,1,0,10,0,1,0,0,0,0,0,0,0,0,0,0,0,1,1,2,0,2085,0,0,13,1,0,0,0,0,1,0,1,0,0,4,0,0,0,0,0,0,0,0,0,0,0,0,0
Public Administration,0,0,4,1,2,0,1,0,0,0,0,0,0,1,1,8,0,0,31,0,7,1,0,2,2,0,0,0,52,2,0,0,0,0,0,0,0,0,0,0,4,0,0,0,0,0,1,0,0,0,0,0,0,0,0,0,18,1,0,0,0,0,0,0,0,13,1,0,0,0,0,0,0,0,0,0,0,0,0,1,0,0,0,6,0,0,0,0,0,0,0,0,0,6,0,0,0,0,0,6,12,0,0,0,4,0,0,0,0,0,5,0,1,8,1,6,0,3,0,0,0,0,0,0,428,0,0,0,0,0,1,2,0,0,0,4,0,0,0,1,1,0,0,0,0,0,0,0,0,0,0
Medical Informatics,1,0,2,2,0,3,0,0,1,1,0,1,0,0,2,0,0,0,1,0,2,1,0,0,10,1,0,0,3,4,0,0,0,0,0,0,0,1,0,0,3,8,0,0,0,0,0,0,1,0,0,0,0,0,0,0,0,1,0,1,0,0,0,0,1,0,5,0,0,1,0,1,0,2,0,0,0,0,0,0,0,0,0,18,0,0,1,0,0,0,0,0,0,0,0,0,0,0,0,0,0,0,0,0,1,0,0,0,0,0,0,0,0,0,0,0,0,0,0,0,0,0,0,0,0,448,0,1,0,0,0,0,0,0,0,0,0,0,0,0,0,0,0,0,0,0,0,0,0,0,0
Metallurgy & Metallurgical Engineering,0,0,29,0,10,18,1,1,1,2,2,0,1,1,0,0,0,0,15,0,146,43,0,1,5,1,0,133,3,0,0,0,8,0,0,0,2,0,0,0,2,0,14,0,0,0,8,2,1,0,1,0,0,0,0,0,0,0,22,1,0,0,0,0,1,0,0,0,0,1,0,1,0,0,5,0,3,0,0,0,0,2,5,1,0,0,0,0,0,0,0,0,0,0,0,0,0,0,3,0,0,0,0,0,1,2,0,0,1,0,0,0,0,0,0,0,0,0,0,1,0,0,0,17,0,0,1088,0,0,0,0,0,0,0,2,0,0,0,0,0,0,0,0,0,0,0,0,0,0,0,0
Mathematical & Computational Biology,2,22,20,23,0,50,0,14,1,1,0,3,0,2,3,0,0,0,10,0,11,8,5,0,13,2,0,5,2,8,5,2,29,5,2,0,1,6,0,3,7,0,13,1,0,6,15,1,6,0,9,0,3,0,0,1,1,0,0,0,0,2,1,0,6,0,0,0,0,10,0,0,0,1,1,0,0,0,0,0,1,2,0,8,0,0,0,1,0,1,0,0,0,0,1,0,0,0,0,1,0,0,0,0,0,4,0,28,0,0,0,0,0,0,0,0,0,0,0,0,0,0,0,0,0,0,0,1142,0,0,0,0,0,0,0,0,0,1,0,0,0,0,0,0,0,0,0,0,0,0,0
Music,0,0,5,9,0,0,0,0,0,0,0,19,0,3,0,0,0,0,0,0,0,0,0,0,6,0,0,0,0,0,0,0,0,1,0,0,0,0,0,0,0,0,0,0,0,1,0,0,0,1,0,0,0,0,0,0,0,0,0,0,0,0,0,0,0,0,0,0,0,0,1,0,0,0,0,0,0,0,0,0,1,0,0,0,0,1,0,0,0,0,1,0,0,0,0,0,2,0,0,14,1,0,0,0,0,0,0,0,0,0,0,0,0,0,0,0,0,0,0,0,0,0,0,0,0,0,0,0,142,0,0,1,0,0,0,0,0,1,3,0,0,0,0,0,0,0,0,0,0,1,0
Social Issues,0,1,1,1,0,0,0,0,0,0,0,2,0,0,0,2,0,0,1,0,1,0,0,0,0,0,0,0,8,0,0,0,0,0,0,0,0,0,0,0,0,0,0,0,0,0,2,0,0,0,0,0,1,0,0,0,3,0,0,2,1,0,0,0,0,7,0,0,0,0,0,0,0,0,0,0,0,0,0,1,0,1,0,0,0,0,0,0,0,0,0,0,0,0,0,2,0,0,0,1,10,0,0,0,1,0,0,0,0,0,0,0,3,0,0,0,1,1,0,0,0,0,0,0,2,0,0,0,2,133,0,1,0,0,0,0,0,0,0,0,1,0,0,0,0,0,0,0,0,0,0
Ethnic Studies,0,1,4,0,0,0,0,0,0,0,0,3,0,0,0,0,0,0,1,1,0,0,0,0,0,0,0,0,1,0,0,0,0,0,0,0,0,0,0,0,1,0,0,0,0,0,0,0,0,0,0,0,0,0,0,1,1,0,0,0,0,0,0,0,0,1,0,0,0,0,0,0,0,0,0,0,0,0,0,0,0,0,0,0,0,0,0,0,0,0,0,0,0,0,0,0,0,0,0,4,2,2,0,0,1,0,0,0,0,0,0,0,0,1,1,0,1,1,0,0,0,0,0,0,0,0,0,0,0,0,46,0,0,0,0,0,0,0,3,0,0,0,0,1,0,0,0,0,0,0,0
Cultural Studies,0,0,2,0,0,0,0,0,0,0,0,0,0,1,0,0,0,0,3,4,1,1,0,0,4,0,0,0,6,0,0,0,0,0,0,0,1,0,0,0,0,1,0,0,0,0,0,0,0,0,0,0,0,0,0,0,1,2,0,0,0,0,0,0,0,2,0,0,0,0,1,0,0,0,0,0,0,0,0,0,0,0,0,0,0,0,0,0,4,0,0,0,0,0,0,1,0,0,0,11,2,3,0,0,8,0,0,0,0,0,0,0,1,1,3,1,1,1,0,0,0,0,0,0,0,0,0,0,0,0,0,151,0,0,0,0,0,0,3,0,1,0,0,0,0,0,0,2,0,0,0
Microscopy,0,2,3,6,1,5,2,0,1,1,0,0,0,0,0,0,0,0,0,0,8,9,2,0,1,0,1,6,0,2,0,2,0,0,0,0,1,1,0,3,0,0,1,0,0,1,1,3,3,0,0,0,0,2,0,0,0,0,1,0,0,0,0,0,0,0,1,0,0,1,0,0,1,1,0,0,0,0,1,0,0,1,1,0,0,0,3,0,0,0,0,1,0,0,0,0,0,0,0,0,0,0,0,0,0,0,0,1,0,0,0,0,0,0,0,0,0,0,0,0,0,0,0,0,0,0,0,0,0,0,0,0,594,0,0,0,0,0,0,0,0,0,0,0,0,0,0,0,0,0,0
Robotics,0,0,1,0,2,2,0,0,1,0,0,0,0,0,0,0,0,0,2,0,7,1,0,0,8,0,0,2,0,0,0,0,0,0,0,0,0,0,0,1,0,0,1,0,0,0,1,2,0,0,0,0,0,0,0,0,0,0,0,0,0,0,0,0,0,0,0,0,0,0,0,0,0,0,3,0,0,1,0,0,0,0,0,0,0,0,0,0,0,0,0,0,0,0,0,0,0,0,3,0,0,0,0,0,0,5,0,0,0,0,0,0,0,0,0,0,0,0,0,0,0,0,1,0,0,0,0,0,0,0,0,0,0,75,0,0,0,0,0,0,0,0,0,0,0,0,0,0,0,0,0
Mining & Mineral Processing,0,0,2,0,1,0,0,0,0,0,0,0,0,0,0,0,0,0,0,0,3,0,0,0,0,0,0,1,2,0,0,0,0,0,0,0,0,0,0,0,0,0,0,0,0,0,0,0,0,0,0,0,0,0,0,0,0,0,0,0,0,0,0,0,0,0,0,0,0,0,0,0,0,0,1,0,0,0,0,0,0,0,0,0,0,0,0,0,0,0,0,0,0,0,0,0,0,0,0,0,0,0,0,0,0,0,0,0,0,0,0,0,0,0,0,0,0,0,0,0,0,0,0,0,0,0,5,0,0,0,0,0,0,0,19,0,0,0,0,0,0,0,0,0,0,0,0,0,0,0,0
Urban Studies,0,0,1,0,0,0,0,0,0,0,0,0,0,0,0,0,0,0,16,0,1,0,0,0,1,0,0,0,7,0,0,0,0,0,0,0,0,0,0,0,0,0,0,0,0,0,0,0,0,0,0,0,0,0,0,0,0,0,1,0,0,0,0,0,0,0,0,0,0,0,0,0,0,0,1,0,0,0,0,0,0,0,0,0,0,0,0,0,0,0,0,0,0,1,0,0,0,0,0,2,0,0,0,0,0,0,0,0,0,0,0,0,1,0,0,0,0,0,0,0,0,0,0,0,0,0,0,0,0,0,0,0,0,0,0,40,0,0,0,0,0,1,0,0,0,0,0,0,0,0,0
Tropical Medicine,0,0,0,0,0,0,0,0,0,0,0,0,0,0,0,0,0,0,0,0,0,0,0,0,0,0,0,0,0,0,0,0,0,0,0,0,0,0,0,0,0,0,0,0,0,0,0,0,0,0,0,0,0,0,0,0,0,0,0,0,0,0,0,0,0,0,0,0,0,0,0,0,0,0,0,0,0,0,0,0,0,0,0,0,0,0,0,0,0,0,0,0,0,0,0,0,0,0,0,0,0,0,0,0,0,0,0,0,0,0,0,0,0,0,0,0,0,0,0,0,0,0,0,0,0,0,0,0,0,0,0,0,0,0,0,0,16,0,0,0,0,0,0,0,0,0,0,0,0,0,0
Operations Research & Management Science,0,1,4,1,0,1,0,0,0,1,1,0,0,0,0,0,0,0,1,0,20,0,0,0,52,0,0,1,46,0,0,0,1,0,0,0,9,0,0,0,1,0,0,0,0,0,17,1,0,0,0,0,0,0,0,0,0,0,3,0,0,0,0,0,1,1,0,0,0,0,0,0,0,0,3,0,0,0,0,0,1,0,0,0,0,0,0,0,0,0,0,0,0,0,0,0,0,0,0,0,0,0,0,0,0,3,0,0,0,1,0,0,0,0,0,0,0,0,0,0,0,0,0,3,0,0,0,0,0,0,0,0,0,0,0,0,0,231,0,0,0,0,0,0,0,0,0,0,0,0,0
Arts & Humanities - Other Topics,0,0,5,1,0,0,0,0,0,0,0,7,0,0,0,0,0,0,2,0,0,0,0,0,4,0,0,0,8,1,0,0,0,0,0,0,2,1,0,0,1,0,0,0,0,0,0,3,0,1,0,0,0,0,2,1,3,1,0,0,0,0,0,0,0,1,0,0,0,0,0,0,0,0,0,0,1,0,0,0,0,0,0,2,0,0,0,0,2,0,2,0,0,1,0,0,0,0,0,3,2,5,0,0,6,0,0,0,0,0,0,0,2,1,3,0,2,0,4,0,0,0,0,0,0,0,1,0,5,0,2,6,0,0,0,0,0,0,294,0,0,0,0,1,0,1,0,0,0,0,0
Art,0,0,11,3,0,1,0,0,0,0,0,1,0,0,0,0,0,0,1,0,4,1,0,0,10,0,0,3,6,0,0,0,0,0,0,0,1,0,0,0,0,0,0,0,0,0,0,0,0,0,0,0,0,0,0,0,0,2,0,0,0,1,0,0,0,1,1,0,0,0,0,0,0,0,0,0,0,0,0,0,0,0,0,0,0,0,0,0,0,0,0,0,0,0,0,0,0,0,0,10,0,0,0,0,2,1,0,0,0,0,1,0,0,0,0,0,0,0,1,0,0,0,0,0,1,0,0,0,0,0,0,1,0,0,0,0,0,0,1,260,1,0,0,0,0,0,0,0,1,0,0
Philosophy,0,0,1,1,0,0,0,1,0,1,0,6,0,1,1,0,0,0,1,1,0,0,0,0,0,0,0,0,6,0,0,0,1,0,0,0,0,0,0,0,0,0,2,0,0,0,1,0,0,0,1,0,1,0,0,0,4,1,0,0,0,0,0,0,0,6,0,0,0,0,0,0,0,0,0,0,0,0,0,0,0,0,0,0,0,0,0,0,4,0,3,0,0,0,0,0,0,0,0,7,3,0,0,0,0,0,0,0,0,0,0,0,0,0,2,0,11,2,0,0,0,0,0,0,0,0,0,0,0,0,0,2,0,0,0,0,0,0,7,0,155,0,0,0,0,0,0,0,0,0,0
Biomedical Social Sciences,0,0,0,0,0,0,0,0,0,0,0,0,0,0,0,0,0,0,0,0,0,0,0,0,0,0,0,0,0,1,0,0,0,0,0,0,0,0,0,0,0,0,0,0,0,0,0,0,0,0,0,0,0,0,0,0,0,0,0,0,0,0,0,0,0,0,0,0,0,0,0,0,0,0,0,0,0,0,0,0,0,0,0,0,0,0,0,0,0,0,0,0,0,0,0,0,0,0,0,0,0,0,0,0,0,0,0,0,0,0,0,0,1,0,1,0,0,0,0,0,0,0,0,0,0,0,0,0,0,0,0,0,0,0,0,0,0,0,0,0,0,5,0,0,0,0,0,0,0,0,0
Mathematical Methods In Social Sciences,0,1,1,0,0,0,1,0,0,0,0,0,0,0,0,0,0,0,2,0,0,0,0,0,2,0,0,0,5,0,0,0,0,0,0,0,0,0,0,0,1,0,0,0,0,3,2,0,0,0,0,0,0,0,0,0,0,0,0,0,0,0,0,0,0,0,0,0,0,0,0,0,0,0,0,0,0,0,0,0,0,0,0,1,0,0,0,0,0,0,0,0,2,0,0,0,0,0,0,0,1,0,0,0,0,0,0,0,0,0,0,0,0,1,0,0,0,0,0,0,0,0,0,0,0,0,0,2,0,0,0,0,0,0,0,0,0,0,0,0,0,0,37,0,0,0,0,0,0,0,0
Literature,0,0,0,0,0,0,0,0,0,0,0,0,0,0,0,0,0,0,0,1,0,0,1,0,0,0,0,0,0,0,0,0,0,0,0,0,0,0,0,0,0,0,0,0,0,0,0,0,0,0,0,0,1,0,0,0,0,2,0,0,0,0,0,0,0,4,0,0,0,0,0,0,0,0,0,0,0,0,0,0,0,0,0,0,0,0,0,0,0,0,0,0,0,0,0,0,0,0,0,0,1,2,0,0,0,0,0,0,0,0,0,0,0,0,0,0,0,0,0,0,0,0,0,0,0,0,0,0,0,0,0,1,0,0,0,0,0,0,3,0,0,0,0,100,0,0,0,0,0,0,0
Classics,0,0,0,0,0,0,0,0,0,0,0,0,0,0,0,0,0,0,0,0,0,0,0,0,0,0,0,0,0,0,0,0,0,0,0,0,0,0,0,0,0,0,0,0,0,0,0,0,0,0,0,0,0,0,0,0,0,0,0,0,0,0,0,0,0,0,0,0,0,0,0,0,0,0,0,0,0,0,0,0,0,0,0,0,0,0,0,0,0,0,0,0,0,0,0,0,0,0,0,0,0,0,0,0,0,0,0,0,0,0,0,0,0,0,0,0,0,0,0,0,0,0,0,0,0,0,0,0,0,0,0,0,0,0,0,0,0,0,0,0,0,0,0,0,2,0,0,0,0,0,0
Asian Studies,0,0,0,0,0,0,0,0,0,0,0,0,0,0,0,0,0,0,0,0,0,0,0,0,0,0,0,0,0,0,0,0,0,0,0,0,0,0,0,0,0,0,0,0,0,0,0,0,0,0,0,0,0,0,0,0,1,0,0,0,0,0,0,0,0,0,0,0,0,0,0,0,0,0,0,0,0,0,0,0,0,0,0,0,0,0,0,0,0,0,0,0,0,0,0,0,0,0,0,0,0,0,0,0,0,0,0,0,0,0,0,0,0,0,0,0,0,0,0,0,0,0,0,0,0,0,0,0,1,0,0,0,0,0,0,0,0,1,0,0,0,0,0,0,0,5,0,0,0,0,0
Theater,0,0,0,0,0,0,0,0,0,0,0,0,0,0,0,0,0,0,0,0,0,0,0,0,0,0,0,0,0,0,0,0,0,0,0,0,0,0,0,0,0,0,0,0,0,0,0,0,0,0,0,0,0,0,0,0,0,0,0,0,0,0,0,0,0,0,0,0,0,0,0,0,0,0,0,0,0,0,0,0,0,0,0,0,0,0,0,0,0,0,0,0,0,0,0,0,0,0,0,0,0,0,0,0,0,0,0,0,0,0,0,0,0,0,0,0,0,0,0,0,0,0,0,0,0,0,0,0,0,0,0,0,0,0,0,0,0,0,0,0,0,0,0,0,0,0,134,0,0,0,0
"Film, Radio & Television",0,0,0,0,0,0,0,0,0,0,0,0,0,0,0,0,0,0,0,0,1,0,0,0,0,0,0,0,0,0,0,0,0,0,0,0,0,0,0,0,0,0,0,0,0,0,0,0,0,0,0,0,0,0,0,0,0,0,0,0,0,0,0,0,0,0,0,0,0,0,0,0,0,0,0,0,0,0,0,0,0,0,0,0,0,0,0,0,0,0,0,0,0,0,0,0,0,0,0,0,0,0,0,0,5,0,0,0,0,0,0,0,0,0,0,0,0,0,0,0,0,0,0,0,0,0,0,0,0,0,0,3,0,0,0,0,0,0,0,0,0,0,0,0,0,0,0,21,0,0,0
Architecture,0,0,2,0,0,0,0,0,0,0,0,1,0,0,0,0,0,0,4,0,2,0,0,0,1,0,0,0,3,0,0,0,0,0,0,0,1,0,0,0,0,0,0,0,0,0,0,0,0,0,0,0,0,0,0,0,0,0,0,0,0,0,0,0,0,0,0,0,0,0,0,0,0,0,5,0,0,0,0,0,0,0,0,0,0,0,0,0,0,0,0,0,0,0,0,0,0,0,0,1,1,0,0,0,0,0,0,0,0,0,0,0,0,1,0,0,0,0,0,0,0,0,0,0,0,0,0,0,0,0,0,0,0,0,0,0,0,0,1,1,0,0,0,0,0,0,0,0,64,0,0
Dance,0,0,0,0,0,0,0,0,0,0,0,1,0,0,0,0,0,0,0,0,0,0,0,0,0,0,0,0,0,0,0,0,0,0,0,0,0,0,0,0,0,0,0,0,0,0,0,0,0,0,0,0,0,0,0,0,0,0,0,0,0,0,0,0,0,0,0,0,0,0,0,0,0,0,0,0,0,0,0,0,0,0,0,0,0,0,0,0,0,0,0,0,0,0,0,0,0,0,0,0,0,0,0,0,0,0,0,0,0,0,0,0,0,0,0,0,0,0,0,0,0,0,0,0,0,0,0,0,1,0,0,0,0,0,0,0,0,0,0,0,0,0,0,0,0,0,0,0,0,5,0
Medical Ethics,0,0,0,0,0,0,0,0,0,0,0,0,0,0,0,0,0,0,0,0,0,0,0,0,0,0,0,0,0,0,0,0,0,0,0,0,0,0,0,0,0,0,0,0,0,0,0,0,0,0,0,0,0,0,0,0,0,0,0,0,0,0,0,0,0,0,0,0,0,0,0,0,0,0,0,1,0,0,0,0,0,0,0,0,0,0,0,0,0,0,0,0,0,0,1,0,0,0,0,0,0,0,0,0,0,0,0,0,0,0,0,0,0,0,0,0,0,0,0,0,0,0,0,0,0,0,0,0,0,0,0,0,0,0,0,0,0,0,0,0,0,0,0,0,0,0,0,0,0,0,113
